id_alumno,promedio_general,creditos_cursados,materias_reprobadas_total,tasa_aprobacion,promedio_parcial_1,promedio_parcial_2,promedio_parcial_3,pendiente_calificacion,riesgos_acumulados,materias_cursadas_total,alumnos_activos_promedio,alumnos_desertores_total,variabilidad_calificacion,estatus_irregular,probabilidad_desercion,promedio_x_credito,tasa_reprobacion,indice_rendimiento,alerta_roja,genero_M,genero_F,tend_Declive,tend_Estable,tend_Mejora,target_binario,target_multiclase
4,89.0,18,0,1.0,83.7,85.69,97.61,6.9527,1,18,31.33,1,6.1393,0,0.0953,4.684210526315789,0.0,89.0,0,1,0,False,False,True,0,Bajo
5,91.19,12,0,1.0,89.62,91.64,92.32,1.3501,1,12,30.67,1,1.1467,0,0.0759,7.014615384615384,0.0,91.19,0,1,0,False,True,False,0,Bajo
6,77.62,15,2,0.8667,62.78,74.19,95.9,16.5573,7,15,33.33,1,13.7357,0,0.168,4.85125,0.125,67.27325400000001,0,1,0,False,False,True,0,Bajo
7,76.09,15,1,0.9333,73.07,74.85,80.34,3.6331,4,15,35.33,1,3.0927,0,0.1141,4.755625,0.0625,71.014797,0,1,0,False,False,True,0,Bajo
8,78.0,18,0,1.0,79.28,79.17,75.57,-1.8528,4,18,33.0,1,1.7213,0,0.1192,4.105263157894737,0.0,78.0,0,1,0,False,True,False,0,Bajo
9,80.88,18,3,0.8333,65.53,81.89,95.22,14.8443,6,18,33.0,1,12.1413,1,0.343,4.256842105263158,0.15789473684210525,67.397304,1,1,0,False,False,True,0,Medio
10,72.97,18,4,0.7778,57.71,67.2,93.99,18.1415,7,18,31.33,0,15.3633,1,0.5125,3.840526315789474,0.21052631578947367,56.756066000000004,1,0,1,False,False,True,1,Alto
11,82.1,15,2,0.8667,63.34,89.07,93.88,15.2668,6,15,31.67,4,13.405,0,0.168,5.13125,0.125,71.15607,0,0,1,False,False,True,0,Bajo
12,71.23,15,1,0.9333,60.7,71.24,81.74,10.5219,4,15,32.33,0,8.5911,0,0.1141,4.451875,0.0625,66.478959,0,1,0,False,False,True,0,Bajo
13,77.76,15,2,0.8667,67.46,81.6,84.21,8.3749,5,15,34.67,2,7.3581,0,0.168,4.86,0.125,67.394592,0,0,1,False,False,True,1,Bajo
14,62.28,18,5,0.7222,64.52,61.51,60.82,-1.8461,10,18,35.0,1,1.6028,1,0.6225,3.2778947368421054,0.2631578947368421,44.978615999999995,1,0,1,False,True,False,1,Alto
15,78.56,12,1,0.9167,83.73,83.59,68.35,-7.6883,3,12,31.33,2,7.2154,0,0.19,6.0430769230769235,0.07692307692307693,72.015952,0,1,0,True,False,False,1,Bajo
16,78.29,15,0,1.0,90.4,73.77,70.69,-9.8563,0,15,38.67,4,8.6572,0,0.1301,4.893125,0.0,78.29,0,0,1,True,False,False,0,Bajo
17,76.59,18,3,0.8333,63.52,72.83,93.42,14.9529,8,18,31.33,2,12.4956,1,0.343,4.031052631578947,0.15789473684210525,63.822447000000004,1,1,0,False,False,True,0,Medio
18,73.25,18,3,0.8333,85.86,78.91,54.96,-15.4497,5,18,28.67,0,13.2361,1,0.4875,3.8552631578947367,0.15789473684210525,61.039225,1,0,1,True,False,False,0,Alto
19,64.63,18,3,0.8333,61.09,61.18,71.61,5.2618,9,18,30.67,1,4.9393,1,0.343,3.401578947368421,0.15789473684210525,53.856179,1,0,1,False,False,True,1,Medio
20,74.54,18,1,0.9444,69.45,72.83,81.35,5.9544,4,18,33.33,1,5.0106,0,0.1419,3.9231578947368426,0.05263157894736842,70.395576,0,1,0,False,False,True,0,Bajo
21,77.97,18,1,0.9444,62.48,79.76,91.66,14.5905,5,18,37.67,3,11.9806,0,0.1141,4.103684210526316,0.05263157894736842,73.634868,0,0,1,False,False,True,0,Bajo
22,81.22,18,2,0.8889,61.55,84.31,97.78,18.1151,4,18,31.67,2,14.9519,0,0.168,4.274736842105263,0.10526315789473684,72.196458,0,1,0,False,False,True,0,Bajo
23,70.19,18,4,0.7778,64.02,69.68,76.86,6.42,4,18,31.33,2,5.254,1,0.3894,3.694210526315789,0.21052631578947367,54.593782000000004,1,0,1,False,False,True,1,Medio
24,77.49,15,0,1.0,81.96,79.14,71.38,-5.2879,2,15,33.33,3,4.4715,0,0.1301,4.843125,0.0,77.49,0,1,0,True,False,False,1,Bajo
25,88.94,18,0,1.0,80.68,91.41,94.73,7.0284,5,18,33.0,2,5.9983,0,0.148,4.681052631578948,0.0,88.94,0,1,0,False,False,True,0,Bajo
26,71.88,18,2,0.8889,62.62,75.35,77.68,7.5317,7,18,34.0,3,6.6209,0,0.2059,3.783157894736842,0.10526315789473684,63.894132,0,1,0,False,False,True,0,Bajo
27,83.5,18,0,1.0,76.15,81.29,93.06,8.4554,5,18,34.67,4,7.079,0,0.0953,4.394736842105263,0.0,83.5,0,0,1,False,False,True,1,Bajo
28,77.78,18,0,1.0,71.72,80.24,81.37,4.8229,5,18,38.33,2,4.3065,0,0.0759,4.093684210526316,0.0,77.78,0,1,0,False,False,True,0,Bajo
29,78.95,15,1,0.9333,76.34,78.61,81.89,2.777,5,15,34.67,1,2.2797,0,0.1141,4.934375,0.0625,73.68403500000001,0,1,0,False,False,True,0,Bajo
30,74.1,18,3,0.8333,89.27,68.97,64.07,-12.604,7,18,32.33,0,10.9127,1,0.4875,3.9,0.15789473684210525,61.74753,1,0,1,True,False,False,0,Medio
31,74.17,18,1,0.9444,63.93,70.29,88.31,12.1907,4,18,31.33,1,10.3265,0,0.1141,3.903684210526316,0.05263157894736842,70.046148,0,1,0,False,False,True,0,Bajo
32,80.5,15,0,1.0,88.19,83.28,70.03,-9.0827,2,15,36.0,2,7.6727,0,0.1301,5.03125,0.0,80.5,0,0,1,True,False,False,0,Bajo
33,71.0,18,1,0.9444,63.46,72.68,76.86,6.6976,5,18,33.0,5,5.5961,0,0.2142,3.736842105263158,0.05263157894736842,67.0524,0,0,1,False,False,True,1,Medio
34,79.1,15,1,0.9333,71.69,81.83,83.79,6.0487,3,15,31.0,2,5.3011,0,0.1141,4.94375,0.0625,73.82403,0,0,1,False,False,True,0,Bajo
35,67.44,18,4,0.7778,59.49,70.94,71.89,6.2025,10,18,34.67,3,5.6364,1,0.4502,3.5494736842105263,0.21052631578947367,52.454832,1,0,1,False,False,True,1,Alto
36,83.64,18,0,1.0,71.73,83.43,95.75,12.0119,4,18,30.0,2,9.8087,0,0.148,4.402105263157895,0.0,83.64,0,0,1,False,False,True,0,Bajo
37,79.13,12,1,0.9167,66.78,77.86,92.77,12.995,5,12,32.0,2,10.6487,0,0.1141,6.086923076923076,0.07692307692307693,72.53847099999999,0,0,1,False,False,True,0,Bajo
38,87.66,12,0,1.0,80.26,89.68,93.04,6.393,2,12,34.33,3,5.4119,0,0.0759,6.743076923076923,0.0,87.66,0,1,0,False,False,True,0,Bajo
39,87.97,15,0,1.0,78.8,88.08,97.03,9.1144,4,15,27.33,2,7.4423,0,0.0759,5.498125,0.0,87.97,0,0,1,False,False,True,0,Bajo
40,66.56,18,5,0.7222,55.34,60.71,83.62,14.1431,8,18,28.67,4,12.2654,1,0.5,3.5031578947368422,0.2631578947368421,48.069632,1,0,1,False,False,True,1,Alto
41,65.78,18,5,0.7222,56.9,67.96,72.48,7.789,8,18,33.67,1,6.5437,1,0.6225,3.462105263157895,0.2631578947368421,47.506316,1,0,1,False,False,True,1,Alto
42,75.4,15,4,0.7333,65.88,68.46,91.85,12.9815,7,15,37.0,1,11.679,1,0.3318,4.7125,0.25,55.290820000000004,1,1,0,False,False,True,0,Medio
43,76.36,18,0,1.0,75.12,75.42,78.55,1.7148,4,18,31.0,3,1.5508,0,0.0759,4.018947368421053,0.0,76.36,0,0,1,False,True,False,0,Bajo
44,67.77,18,3,0.8333,71.89,67.24,64.17,-3.8615,6,18,29.0,5,3.1746,1,0.5498,3.5668421052631576,0.15789473684210525,56.472741,1,0,1,True,False,False,0,Medio
45,73.17,18,3,0.8333,49.38,83.24,86.89,18.7555,5,18,38.33,0,16.8892,1,0.2405,3.8510526315789475,0.15789473684210525,60.972561000000006,1,1,0,False,False,True,0,Medio
46,59.64,18,8,0.5556,54.68,58.7,65.53,5.426,9,18,31.67,1,4.4795,1,0.8667,3.1389473684210527,0.42105263157894735,33.135984,1,0,1,False,False,True,1,Critico
47,81.62,15,0,1.0,80.27,81.74,82.84,1.2872,4,15,32.0,4,1.0545,0,0.0759,5.10125,0.0,81.62,0,1,0,False,True,False,0,Bajo
48,75.32,18,3,0.8333,59.69,81.76,84.52,12.4154,7,18,35.0,0,11.1103,1,0.343,3.964210526315789,0.15789473684210525,62.764156,1,1,0,False,False,True,1,Medio
49,69.39,15,3,0.8,61.8,68.38,77.99,8.0931,7,15,34.0,3,6.6463,1,0.2405,4.336875,0.1875,55.512,1,1,0,False,False,True,0,Medio
50,71.79,18,4,0.7778,52.81,62.55,100.0,23.5957,7,18,30.33,5,20.3429,1,0.3894,3.7784210526315793,0.21052631578947367,55.83826200000001,1,1,0,False,False,True,1,Medio
51,77.76,18,0,1.0,72.0,76.97,84.3,6.1498,2,18,29.67,2,5.0523,0,0.0759,4.092631578947369,0.0,77.76,0,1,0,False,False,True,0,Bajo
52,75.31,15,0,1.0,73.39,75.95,76.59,1.6038,2,15,30.0,3,1.3852,0,0.0759,4.706875,0.0,75.31,0,0,1,False,True,False,0,Bajo
53,73.05,18,1,0.9444,69.46,72.6,77.09,3.8179,5,18,35.0,5,3.1334,0,0.1751,3.844736842105263,0.05263157894736842,68.98842,0,1,0,False,False,True,0,Bajo
54,79.51,12,0,1.0,74.83,78.22,85.48,5.3231,3,12,32.67,2,4.4403,0,0.0759,6.116153846153846,0.0,79.51,0,1,0,False,False,True,0,Bajo
55,88.72,15,0,1.0,97.12,94.66,74.39,-11.3649,2,15,32.33,2,10.1856,0,0.1301,5.545,0.0,88.72,0,1,0,True,False,False,0,Bajo
56,75.19,12,1,0.9167,65.12,74.64,85.8,10.3388,6,12,35.0,3,8.4503,0,0.1141,5.783846153846154,0.07692307692307693,68.926673,0,1,0,False,False,True,0,Bajo
57,81.94,15,0,1.0,76.14,74.17,95.51,9.6852,6,15,37.0,2,9.6289,0,0.0759,5.12125,0.0,81.94,0,0,1,False,False,True,0,Bajo
58,72.49,15,1,0.9333,67.4,70.52,79.55,6.0776,5,15,33.67,4,5.1541,0,0.1141,4.530625,0.0625,67.654917,0,1,0,False,False,True,0,Bajo
59,87.05,12,0,1.0,76.3,84.84,100.0,11.8516,2,12,31.67,2,9.8014,0,0.0759,6.696153846153846,0.0,87.05,0,0,1,False,False,True,0,Bajo
60,80.11,18,0,1.0,80.54,77.16,82.63,1.0451,3,18,30.67,4,2.2546,0,0.148,4.2163157894736845,0.0,80.11,0,0,1,False,True,False,0,Bajo
61,75.03,18,2,0.8889,60.98,74.89,89.23,14.1262,4,18,34.67,0,11.5344,0,0.2497,3.9489473684210528,0.10526315789473684,66.69416700000001,0,1,0,False,False,True,1,Medio
62,65.56,18,3,0.8333,78.21,71.9,46.58,-15.8154,6,18,37.67,0,13.6693,1,0.5498,3.4505263157894737,0.15789473684210525,54.631148,1,1,0,True,False,False,1,Alto
63,76.49,18,1,0.9444,64.2,75.65,89.63,12.7158,3,18,33.0,1,10.3995,0,0.1419,4.025789473684211,0.05263157894736842,72.237156,0,1,0,False,False,True,0,Bajo
64,75.92,18,1,0.9444,66.86,76.93,83.97,8.5579,4,18,32.67,2,7.024,0,0.1419,3.995789473684211,0.05263157894736842,71.698848,0,1,0,False,False,True,0,Bajo
65,74.86,18,0,1.0,73.92,75.98,74.69,0.3882,3,18,30.67,2,0.8524,0,0.1192,3.94,0.0,74.86,0,0,1,False,True,False,0,Bajo
66,88.49,15,0,1.0,77.5,91.54,96.43,9.4645,3,15,33.67,0,8.0236,0,0.0759,5.530625,0.0,88.49,0,0,1,False,False,True,0,Bajo
67,59.87,18,9,0.5,68.78,56.6,54.24,-7.2705,14,18,30.67,2,6.3721,1,0.9174,3.1510526315789473,0.47368421052631576,29.935,1,1,0,True,False,False,1,Critico
68,56.44,18,10,0.4444,52.84,58.18,58.3,2.7303,13,18,32.33,5,2.5448,1,0.9378,2.9705263157894737,0.5263157894736842,25.081936,1,0,1,False,False,True,1,Critico
69,82.99,15,0,1.0,74.68,78.23,96.07,10.6919,1,15,29.33,4,9.3576,0,0.0759,5.186875,0.0,82.99,0,0,1,False,False,True,0,Bajo
70,66.17,18,5,0.7222,62.0,68.16,68.35,3.1721,9,18,30.0,5,2.948,1,0.6225,3.4826315789473683,0.2631578947368421,47.787974,1,0,1,False,False,True,1,Alto
71,77.58,15,1,0.9333,68.96,76.64,87.14,9.09,5,15,36.0,3,7.4518,0,0.1141,4.84875,0.0625,72.405414,0,0,1,False,False,True,0,Bajo
72,84.07,18,1,0.9444,65.04,92.98,94.18,14.5731,5,18,34.67,4,13.4639,0,0.2142,4.424736842105263,0.05263157894736842,79.395708,0,1,0,False,False,True,0,Medio
73,86.34,12,0,1.0,80.73,84.11,94.17,6.7204,1,12,32.67,5,5.7095,0,0.0759,6.641538461538461,0.0,86.34,0,0,1,False,False,True,0,Bajo
74,70.14,15,4,0.7333,50.7,75.07,84.64,16.97,7,15,28.0,3,14.288,1,0.3318,4.38375,0.25,51.433662,1,1,0,False,False,True,0,Medio
75,69.22,18,6,0.6667,55.24,61.14,91.27,18.0151,6,18,30.33,2,15.7801,1,0.6682,3.643157894736842,0.3157894736842105,46.148973999999995,1,0,1,False,False,True,0,Alto
76,81.7,18,1,0.9444,86.27,79.85,78.99,-3.6424,5,18,32.33,0,3.2511,0,0.3318,4.3,0.05263157894736842,77.15748,0,1,0,True,False,False,0,Medio
77,85.95,15,1,0.9333,72.66,88.97,96.23,11.7851,5,15,31.0,1,9.856,0,0.1141,5.371875,0.0625,80.217135,0,1,0,False,False,True,0,Bajo
78,81.62,15,0,1.0,72.53,83.79,88.54,8.0082,2,15,34.67,3,6.7162,0,0.0759,5.10125,0.0,81.62,0,1,0,False,False,True,0,Bajo
79,83.7,15,1,0.9333,69.98,85.13,95.98,12.9995,3,15,29.67,0,10.6623,0,0.1141,5.23125,0.0625,78.11721,0,1,0,False,False,True,0,Bajo
80,80.65,15,1,0.9333,66.81,82.02,93.11,13.1469,4,15,35.0,4,10.7783,0,0.1141,5.040625,0.0625,75.270645,0,0,1,False,False,True,0,Bajo
81,63.95,18,3,0.8333,77.17,65.84,48.85,-14.1557,7,18,32.67,5,11.6349,1,0.5498,3.365789473684211,0.15789473684210525,53.28953500000001,1,1,0,True,False,False,1,Alto
82,75.15,18,1,0.9444,73.13,72.57,79.74,3.303,4,18,29.67,1,3.2535,0,0.1419,3.9552631578947373,0.05263157894736842,70.97166,0,0,1,False,False,True,0,Bajo
83,57.29,18,5,0.7222,76.21,50.11,45.54,-15.3367,6,18,35.0,2,13.5116,1,0.7795,3.015263157894737,0.2631578947368421,41.374838,1,0,1,True,False,False,1,Critico
84,79.07,15,1,0.9333,70.98,80.27,85.95,7.4875,3,15,33.33,1,6.1723,0,0.1141,4.941875,0.0625,73.796031,0,0,1,False,False,True,0,Bajo
85,77.11,15,0,1.0,70.2,76.16,84.97,7.3842,4,15,32.0,0,6.0668,0,0.0759,4.819375,0.0,77.11,0,1,0,False,False,True,0,Bajo
86,81.88,18,1,0.9444,73.2,84.0,88.44,7.6204,4,18,37.67,5,6.3998,0,0.1419,4.309473684210526,0.05263157894736842,77.327472,0,1,0,False,False,True,0,Bajo
87,83.46,18,1,0.9444,78.88,80.09,91.41,6.2654,2,18,35.67,3,5.6434,0,0.2142,4.392631578947368,0.05263157894736842,78.81962399999999,0,1,0,False,False,True,0,Medio
88,77.99,18,2,0.8889,66.52,75.94,91.52,12.5007,4,18,35.33,2,10.3092,0,0.2059,4.104736842105263,0.10526315789473684,69.325311,0,1,0,False,False,True,1,Bajo
89,70.46,18,3,0.8333,62.15,68.49,80.75,9.2994,5,18,31.0,1,7.7204,1,0.2891,3.7084210526315786,0.15789473684210525,58.714318,1,1,0,False,False,True,1,Medio
90,81.24,15,0,1.0,78.57,82.56,82.6,2.0121,4,15,33.33,4,1.8883,0,0.0759,5.0775,0.0,81.24,0,1,0,False,False,True,0,Bajo
91,84.09,15,1,0.9333,76.99,77.82,97.47,10.2404,4,15,38.33,0,9.4655,0,0.1141,5.255625,0.0625,78.48119700000001,0,1,0,False,False,True,0,Bajo
92,84.02,15,0,1.0,75.7,78.04,98.3,11.2996,2,15,31.0,2,10.1483,0,0.0759,5.25125,0.0,84.02,0,1,0,False,False,True,0,Bajo
93,85.39,18,0,1.0,78.78,88.34,89.05,5.138,4,18,35.0,1,4.6854,0,0.0759,4.49421052631579,0.0,85.39,0,0,1,False,False,True,0,Bajo
94,84.16,18,0,1.0,80.85,84.04,87.59,3.3698,1,18,30.33,4,2.7528,0,0.148,4.429473684210526,0.0,84.16,0,0,1,False,False,True,0,Bajo
95,88.85,15,0,1.0,74.58,91.98,100.0,12.7118,0,15,32.0,0,10.6127,0,0.0759,5.553125,0.0,88.85,0,1,0,False,False,True,0,Bajo
96,82.17,15,0,1.0,71.43,85.13,89.96,9.2651,3,15,27.67,0,7.8492,0,0.0759,5.135625,0.0,82.17,0,0,1,False,False,True,1,Bajo
97,72.42,15,3,0.8,64.35,65.9,87.0,11.3284,6,15,32.67,3,10.333,1,0.2405,4.52625,0.1875,57.93600000000001,1,1,0,False,False,True,0,Medio
98,81.57,15,0,1.0,72.26,80.92,91.55,9.6443,2,15,30.33,1,7.8882,0,0.0759,5.098125,0.0,81.57,0,1,0,False,False,True,0,Bajo
99,87.43,18,0,1.0,79.13,90.71,92.46,6.6668,4,18,32.33,5,5.9153,0,0.0759,4.601578947368421,0.0,87.43,0,0,1,False,False,True,0,Bajo
100,82.82,18,0,1.0,79.41,81.11,87.95,4.2694,3,18,29.0,0,3.6914,0,0.0759,4.3589473684210525,0.0,82.82,0,1,0,False,False,True,0,Bajo
101,76.92,18,1,0.9444,68.73,79.31,82.72,6.9964,2,18,31.33,0,5.9568,0,0.1141,4.048421052631579,0.05263157894736842,72.643248,0,1,0,False,False,True,0,Bajo
102,76.88,18,1,0.9444,63.12,81.38,86.13,11.5057,6,18,31.67,2,9.9193,0,0.2142,4.046315789473684,0.05263157894736842,72.60547199999999,0,0,1,False,False,True,0,Medio
103,66.62,18,5,0.7222,52.87,63.4,83.57,15.3544,6,18,37.67,0,12.7407,1,0.6225,3.5063157894736845,0.2631578947368421,48.112964,1,1,0,False,False,True,1,Alto
104,70.74,18,3,0.8333,61.09,73.59,77.52,8.214,6,18,32.0,3,7.0046,1,0.4013,3.723157894736842,0.15789473684210525,58.947642,1,0,1,False,False,True,0,Medio
105,76.57,15,2,0.8667,67.6,74.22,87.89,10.145,6,15,30.33,0,8.4477,0,0.168,4.785625,0.125,66.363219,0,1,0,False,False,True,1,Bajo
106,79.41,18,1,0.9444,73.23,81.03,83.98,5.3771,7,18,30.33,3,4.5372,0,0.1419,4.179473684210526,0.05263157894736842,74.994804,0,1,0,False,False,True,0,Bajo
107,72.35,18,1,0.9444,66.68,73.33,77.04,5.1788,3,18,34.33,0,4.2854,0,0.1141,3.8078947368421048,0.05263157894736842,68.32733999999999,0,0,1,False,False,True,0,Bajo
108,85.14,15,0,1.0,76.81,88.88,89.74,6.4663,2,15,33.33,1,5.9028,0,0.0759,5.32125,0.0,85.14,0,0,1,False,False,True,0,Bajo
109,68.65,18,4,0.7778,60.79,64.38,80.77,9.9936,9,18,30.33,5,8.7003,1,0.4502,3.6131578947368426,0.21052631578947367,53.395970000000005,1,0,1,False,False,True,1,Alto
110,82.4,18,0,1.0,85.05,81.93,80.21,-2.4229,2,18,34.67,5,2.0059,0,0.1611,4.336842105263158,0.0,82.4,0,1,0,True,False,False,0,Bajo
111,84.18,15,0,1.0,78.31,84.36,89.87,5.7809,5,15,31.0,5,4.7218,0,0.0759,5.26125,0.0,84.18,0,0,1,False,False,True,0,Bajo
112,69.16,18,4,0.7778,58.77,61.81,86.91,14.0745,7,18,35.0,3,12.6124,1,0.4502,3.6399999999999997,0.21052631578947367,53.792648,1,1,0,False,False,True,0,Alto
113,78.89,18,1,0.9444,69.21,77.08,90.38,10.5837,6,18,34.33,2,8.7355,0,0.2142,4.152105263157895,0.05263157894736842,74.503716,0,0,1,False,False,True,0,Medio
114,79.36,18,0,1.0,70.81,80.72,86.54,7.8676,4,18,36.0,3,6.4958,0,0.1192,4.176842105263158,0.0,79.36,0,1,0,False,False,True,0,Bajo
115,67.44,18,6,0.6667,57.64,69.56,75.13,8.7484,10,18,32.33,5,7.2982,1,0.6682,3.5494736842105263,0.3157894736842105,44.962247999999995,1,1,0,False,False,True,1,Critico
116,80.33,12,0,1.0,77.26,81.46,82.26,2.5002,1,12,31.33,5,2.1938,0,0.0759,6.179230769230769,0.0,80.33,0,0,1,False,False,True,0,Bajo
117,72.27,15,3,0.8,59.75,72.77,84.3,12.2789,8,15,34.33,5,10.0318,1,0.2405,4.516875,0.1875,57.816,1,0,1,False,False,True,0,Medio
118,94.8,15,0,1.0,90.79,93.63,100.0,4.607,2,15,33.33,0,3.8526,0,0.0759,5.925,0.0,94.8,0,0,1,False,False,True,0,Bajo
119,83.95,15,0,1.0,81.99,81.99,87.88,2.948,3,15,29.67,5,2.7785,0,0.0759,5.246875,0.0,83.95,0,1,0,False,False,True,1,Bajo
120,73.13,15,2,0.8667,76.8,72.64,69.94,-3.4324,4,15,35.67,1,2.8236,0,0.2689,4.570625,0.125,63.381771,0,1,0,True,False,False,0,Medio
121,66.25,18,4,0.7778,52.57,60.26,85.93,16.6819,6,18,28.33,5,14.2641,1,0.4502,3.486842105263158,0.21052631578947367,51.529250000000005,1,0,1,False,False,True,0,Medio
122,88.33,15,0,1.0,83.06,87.97,93.96,5.4515,2,15,32.33,5,4.4584,0,0.0759,5.520625,0.0,88.33,0,1,0,False,False,True,0,Bajo
123,78.58,18,0,1.0,72.36,81.26,82.14,4.8875,2,18,33.33,5,4.4148,0,0.0759,4.13578947368421,0.0,78.58,0,1,0,False,False,True,0,Bajo
124,82.4,15,0,1.0,88.06,81.61,77.54,-5.2586,3,15,29.33,5,4.3303,0,0.1301,5.15,0.0,82.4,0,0,1,True,False,False,0,Bajo
125,84.8,15,0,1.0,78.12,85.91,90.39,6.135,3,15,27.33,0,5.0698,0,0.0759,5.3,0.0,84.8,0,1,0,False,False,True,1,Bajo
126,81.25,18,1,0.9444,61.18,86.72,95.85,17.3308,4,18,36.33,5,14.67,0,0.1419,4.276315789473684,0.05263157894736842,76.7325,0,1,0,False,False,True,0,Bajo
127,73.29,18,1,0.9444,70.52,72.55,76.79,3.1347,3,18,36.33,0,2.612,0,0.2142,3.857368421052632,0.05263157894736842,69.21507600000001,0,0,1,False,False,True,1,Medio
128,74.59,18,1,0.9444,69.54,74.62,79.61,5.0319,4,18,30.67,0,4.1086,0,0.1751,3.9257894736842105,0.05263157894736842,70.442796,0,0,1,False,False,True,0,Bajo
129,81.26,18,1,0.9444,92.67,80.94,70.16,-11.2544,3,18,35.0,4,9.1919,0,0.19,4.2768421052631584,0.05263157894736842,76.741944,0,1,0,True,False,False,0,Bajo
130,74.52,15,3,0.8,67.6,76.76,79.19,5.7986,5,15,36.67,0,4.9936,1,0.2405,4.6575,0.1875,59.616,1,1,0,False,False,True,1,Medio
131,81.01,15,2,0.8667,69.2,77.69,96.15,13.4734,7,15,32.67,0,11.2492,0,0.168,5.063125,0.125,70.21136700000001,0,1,0,False,False,True,0,Bajo
132,69.19,18,4,0.7778,58.86,72.95,75.75,8.4478,6,18,30.67,3,7.3938,1,0.5125,3.641578947368421,0.21052631578947367,53.815982,1,0,1,False,False,True,1,Alto
133,72.79,18,2,0.8889,67.35,69.42,81.6,7.1253,7,18,36.67,4,6.287,0,0.168,3.8310526315789475,0.10526315789473684,64.70303100000001,0,0,1,False,False,True,0,Bajo
134,77.52,18,2,0.8889,67.85,77.73,86.98,9.5636,5,18,33.0,5,7.81,0,0.2059,4.08,0.10526315789473684,68.907528,0,0,1,False,False,True,0,Bajo
135,74.24,18,6,0.6667,54.86,69.28,98.58,21.8599,10,18,27.0,1,18.1897,1,0.6682,3.9073684210526314,0.3157894736842105,49.495808,1,1,0,False,False,True,0,Alto
136,76.21,18,0,1.0,71.68,73.87,83.08,5.6988,3,18,34.33,5,4.9389,0,0.148,4.011052631578947,0.0,76.21,0,0,1,False,False,True,0,Bajo
137,76.35,18,2,0.8889,65.03,78.54,85.49,10.2294,6,18,32.67,2,8.494,0,0.2059,4.018421052631578,0.10526315789473684,67.867515,0,0,1,False,False,True,0,Bajo
138,87.27,12,1,0.9167,82.64,82.18,96.98,7.1665,2,12,34.33,0,6.8689,0,0.1141,6.7130769230769225,0.07692307692307693,80.00040899999999,0,0,1,False,False,True,1,Bajo
139,74.23,18,0,1.0,70.75,73.73,78.21,3.7287,4,18,35.0,0,3.065,0,0.0953,3.906842105263158,0.0,74.23,0,1,0,False,False,True,0,Bajo
140,66.75,18,4,0.7778,59.05,63.98,77.21,9.0837,7,18,31.0,3,7.6706,1,0.3318,3.513157894736842,0.21052631578947367,51.918150000000004,1,1,0,False,False,True,0,Medio
141,88.64,15,0,1.0,79.97,89.85,96.1,8.0663,5,15,30.0,1,6.6414,0,0.0759,5.54,0.0,88.64,0,0,1,False,False,True,1,Bajo
142,73.68,18,2,0.8889,69.02,73.89,78.13,4.5574,6,18,29.33,0,3.7241,0,0.2059,3.8778947368421055,0.10526315789473684,65.49415200000001,0,1,0,False,False,True,0,Bajo
143,74.1,12,3,0.75,61.89,67.02,93.4,15.7525,7,12,26.67,5,13.803,1,0.2405,5.699999999999999,0.23076923076923078,55.574999999999996,1,0,1,False,False,True,0,Medio
144,73.19,12,2,0.8333,57.93,70.47,91.17,16.6224,4,12,31.67,4,13.7077,0,0.168,5.63,0.15384615384615385,60.989227,0,0,1,False,False,True,0,Bajo
145,66.05,18,7,0.6111,56.19,66.76,75.21,9.5115,12,18,32.67,1,7.7821,1,0.7595,3.4763157894736842,0.3684210526315789,40.363155,1,1,0,False,False,True,0,Alto
146,73.45,18,4,0.7778,63.1,69.45,87.8,12.3511,8,18,30.67,2,10.4744,1,0.3318,3.865789473684211,0.21052631578947367,57.12941000000001,1,0,1,False,False,True,1,Medio
147,77.16,18,2,0.8889,92.92,71.37,67.18,-12.8703,4,18,38.0,4,11.2761,0,0.3208,4.0610526315789475,0.10526315789473684,68.587524,0,1,0,True,False,False,1,Medio
148,84.55,18,1,0.9444,68.82,86.92,97.9,14.5426,6,18,35.67,1,11.9921,0,0.1751,4.45,0.05263157894736842,79.84902,0,0,1,False,False,True,0,Bajo
149,78.73,18,2,0.8889,94.66,73.86,67.66,-13.4995,5,18,29.0,4,11.5463,0,0.4378,4.143684210526316,0.10526315789473684,69.983097,0,0,1,True,False,False,0,Medio
150,76.89,15,1,0.9333,71.66,72.02,87.0,7.67,5,15,33.33,4,7.15,0,0.1141,4.805625,0.0625,71.761437,0,0,1,False,False,True,0,Bajo
151,74.37,18,1,0.9444,70.29,75.12,77.7,3.7038,5,18,33.67,0,3.0704,0,0.1141,3.91421052631579,0.05263157894736842,70.235028,0,1,0,False,False,True,0,Bajo
152,74.64,18,3,0.8333,54.59,81.6,87.72,16.5661,5,18,33.33,4,14.3947,1,0.4013,3.928421052631579,0.15789473684210525,62.197512,1,1,0,False,False,True,1,Medio
153,77.67,18,1,0.9444,67.8,79.27,85.94,9.0693,5,18,31.0,1,7.4909,0,0.1751,4.087894736842105,0.05263157894736842,73.35154800000001,0,0,1,False,False,True,0,Bajo
154,81.47,15,0,1.0,73.18,83.17,88.06,7.4406,2,15,28.33,1,6.193,0,0.0759,5.091875,0.0,81.47,0,1,0,False,False,True,0,Bajo
155,77.77,18,3,0.8333,97.84,72.27,63.21,-17.3177,5,18,33.33,4,14.6661,1,0.4875,4.093157894736842,0.15789473684210525,64.805741,1,1,0,True,False,False,0,Medio
156,74.12,18,3,0.8333,69.08,69.24,84.03,7.4763,6,18,31.67,1,7.0111,1,0.4013,3.9010526315789478,0.15789473684210525,61.764196000000005,1,1,0,False,False,True,0,Medio
157,84.28,18,1,0.9444,80.93,86.8,85.13,2.1005,5,18,36.67,3,2.4692,0,0.1141,4.435789473684211,0.05263157894736842,79.594032,0,1,0,False,False,True,1,Bajo
158,83.8,12,0,1.0,77.77,82.4,91.24,6.733,3,12,26.0,3,5.5857,0,0.0759,6.446153846153846,0.0,83.8,0,1,0,False,False,True,0,Bajo
159,86.23,18,1,0.9444,77.38,81.3,100.0,11.312,5,18,35.33,4,9.8707,0,0.1751,4.53842105263158,0.05263157894736842,81.435612,0,0,1,False,False,True,0,Bajo
160,83.19,15,0,1.0,87.93,85.43,76.2,-5.8663,5,15,32.67,1,5.0453,0,0.1301,5.199375,0.0,83.19,0,1,0,True,False,False,0,Bajo
161,85.68,15,0,1.0,77.11,82.71,97.21,10.052,3,15,32.33,1,8.4715,0,0.0759,5.355,0.0,85.68,0,1,0,False,False,True,0,Bajo
162,76.0,18,2,0.8889,71.38,69.24,87.37,7.9947,4,18,32.33,2,8.0867,0,0.2497,4.0,0.10526315789473684,67.5564,0,1,0,False,False,True,0,Medio
163,72.35,15,0,1.0,70.19,72.98,73.89,1.85,2,15,29.33,3,1.5747,0,0.0759,4.521875,0.0,72.35,0,1,0,False,True,False,0,Bajo
164,75.59,18,3,0.8333,60.25,68.61,97.93,18.8378,7,18,34.33,3,16.1554,1,0.2891,3.978421052631579,0.15789473684210525,62.989147,1,1,0,False,False,True,0,Medio
165,86.68,15,1,0.9333,75.69,87.54,96.79,10.5518,5,15,33.0,4,8.6373,0,0.1141,5.4175,0.0625,80.89844400000001,0,0,1,False,False,True,0,Bajo
166,80.24,15,0,1.0,71.79,78.13,90.81,9.5072,6,15,33.0,1,7.9056,0,0.0759,5.015,0.0,80.24,0,0,1,False,False,True,0,Bajo
167,82.82,18,0,1.0,94.03,81.34,73.1,-10.4631,2,18,34.0,4,8.6069,0,0.1301,4.3589473684210525,0.0,82.82,0,0,1,True,False,False,0,Bajo
168,78.59,18,1,0.9444,72.32,78.45,85.0,6.3366,5,18,32.0,2,5.1747,0,0.2142,4.136315789473684,0.05263157894736842,74.22039600000001,0,1,0,False,False,True,0,Medio
169,87.07,15,0,1.0,71.3,94.6,95.31,12.0084,3,15,36.33,2,11.1582,0,0.0759,5.441875,0.0,87.07,0,0,1,False,False,True,0,Bajo
170,72.47,18,1,0.9444,69.02,74.67,73.72,2.3467,2,18,36.33,2,2.4672,0,0.1419,3.8142105263157893,0.05263157894736842,68.440668,0,0,1,False,False,True,0,Bajo
171,62.15,18,3,0.8333,39.83,72.82,73.8,16.9826,4,18,31.33,3,15.7861,1,0.343,3.2710526315789474,0.15789473684210525,51.789595,1,1,0,False,False,True,0,Medio
172,78.29,18,1,0.9444,68.22,79.33,87.34,9.5609,7,18,36.67,5,7.8404,0,0.2142,4.120526315789474,0.05263157894736842,73.937076,0,0,1,False,False,True,1,Medio
173,80.11,15,0,1.0,72.31,84.65,83.35,5.5197,3,15,36.33,2,5.5355,0,0.0759,5.006875,0.0,80.11,0,0,1,False,False,True,0,Bajo
174,71.03,15,3,0.8,64.76,73.18,75.15,5.1955,4,15,30.33,3,4.5071,1,0.2405,4.439375,0.1875,56.824000000000005,1,1,0,False,False,True,0,Medio
175,65.15,18,3,0.8333,47.4,68.84,79.21,15.9065,5,18,29.0,2,13.2464,1,0.4013,3.4289473684210527,0.15789473684210525,54.28949500000001,1,1,0,False,False,True,1,Medio
176,70.87,18,2,0.8889,67.93,72.36,72.32,2.1928,8,18,35.67,1,2.0774,0,0.168,3.7300000000000004,0.10526315789473684,62.996343,0,0,1,False,False,True,0,Bajo
177,78.08,18,1,0.9444,76.38,76.66,81.22,2.4202,4,18,35.0,4,2.2172,0,0.1751,4.109473684210526,0.05263157894736842,73.738752,0,0,1,False,False,True,0,Bajo
178,63.67,15,4,0.7333,85.08,60.19,45.76,-19.66,8,15,28.67,2,16.2404,1,0.475,3.979375,0.25,46.689211,1,0,1,True,False,False,1,Alto
179,85.25,18,0,1.0,78.37,80.88,96.51,9.0659,4,18,31.0,1,8.0221,0,0.1192,4.4868421052631575,0.0,85.25,0,1,0,False,False,True,0,Bajo
180,75.01,15,1,0.9333,72.8,74.55,77.68,2.443,3,15,34.67,1,2.0206,0,0.1141,4.688125,0.0625,70.006833,0,0,1,False,False,True,0,Bajo
181,74.43,18,0,1.0,72.56,74.86,75.87,1.6584,3,18,36.0,5,1.3883,0,0.0953,3.917368421052632,0.0,74.43,0,0,1,False,True,False,0,Bajo
182,89.84,12,0,1.0,85.76,87.79,95.97,5.1013,4,12,28.33,1,4.4106,0,0.0759,6.910769230769231,0.0,89.84,0,1,0,False,False,True,1,Bajo
183,69.6,18,2,0.8889,80.82,78.17,49.81,-15.5042,4,18,29.0,2,14.0355,0,0.4378,3.663157894736842,0.10526315789473684,61.867439999999995,0,0,1,True,False,False,0,Alto
184,76.55,18,1,0.9444,63.46,78.98,87.21,11.875,4,18,33.0,5,9.8471,0,0.1419,4.028947368421052,0.05263157894736842,72.29382,0,0,1,False,False,True,0,Bajo
185,66.08,18,4,0.7778,72.94,68.92,56.38,-8.2797,7,18,33.33,5,7.0521,1,0.657,3.477894736842105,0.21052631578947367,51.397024,1,0,1,True,False,False,0,Alto
186,86.38,12,0,1.0,82.3,83.21,93.63,5.6651,4,12,30.33,4,5.1391,0,0.0759,6.644615384615384,0.0,86.38,0,0,1,False,False,True,0,Bajo
187,86.17,15,0,1.0,97.02,81.65,79.85,-8.5848,1,15,27.67,5,7.703,0,0.1301,5.385625,0.0,86.17,0,1,0,True,False,False,0,Bajo
188,81.9,18,2,0.8889,73.32,76.49,95.89,11.289,8,18,28.67,0,9.9788,0,0.2497,4.310526315789474,0.10526315789473684,72.80091,0,1,0,False,False,True,0,Medio
189,79.67,15,0,1.0,70.25,80.76,88.01,8.8801,6,15,34.0,5,7.2909,0,0.0759,4.979375,0.0,79.67,0,1,0,False,False,True,0,Bajo
190,76.2,15,2,0.8667,66.46,70.48,91.64,12.5895,6,15,36.0,3,11.0453,0,0.168,4.7625,0.125,66.04254,0,0,1,False,False,True,0,Bajo
191,81.58,15,1,0.9333,90.66,79.5,74.6,-8.0292,3,15,30.0,0,6.72,0,0.19,5.09875,0.0625,76.138614,0,0,1,True,False,False,0,Bajo
192,76.7,18,1,0.9444,90.52,71.45,68.12,-11.2004,4,18,32.67,4,9.8685,0,0.19,4.036842105263158,0.05263157894736842,72.43548,0,0,1,True,False,False,0,Bajo
193,75.65,18,2,0.8889,90.89,89.24,46.82,-22.0358,5,18,29.33,2,20.3975,0,0.3775,3.9815789473684213,0.10526315789473684,67.24528500000001,0,0,1,True,False,False,0,Medio
194,74.53,18,2,0.8889,83.91,81.5,58.19,-12.8578,3,18,34.0,4,11.5953,0,0.4378,3.9226315789473687,0.10526315789473684,66.249717,0,0,1,True,False,False,0,Alto
195,74.18,15,1,0.9333,70.95,77.55,74.03,1.5446,4,15,33.33,0,2.6994,0,0.1141,4.63625,0.0625,69.232194,0,1,0,False,True,False,0,Bajo
196,82.59,15,0,1.0,75.16,85.87,86.75,5.7934,4,15,33.0,1,5.2665,0,0.0759,5.161875,0.0,82.59,0,1,0,False,False,True,0,Bajo
197,79.47,15,1,0.9333,71.04,83.19,84.18,6.5696,4,15,31.0,4,5.9749,0,0.1141,4.966875,0.0625,74.169351,0,1,0,False,False,True,1,Bajo
198,74.01,18,1,0.9444,79.95,72.63,69.46,-5.2444,6,18,32.67,5,4.3929,0,0.2315,3.895263157894737,0.05263157894736842,69.89504400000001,0,1,0,True,False,False,0,Medio
199,86.44,18,0,1.0,94.31,86.66,78.34,-7.9868,5,18,34.33,4,6.5232,0,0.1611,4.549473684210526,0.0,86.44,0,1,0,True,False,False,0,Bajo
200,82.55,15,0,1.0,90.28,82.71,74.66,-7.8116,4,15,36.0,5,6.3792,0,0.1301,5.159375,0.0,82.55,0,1,0,True,False,False,1,Bajo
201,74.91,15,2,0.8667,64.5,78.3,81.93,8.718,3,15,35.67,1,7.5114,0,0.168,4.681875,0.125,64.924497,0,0,1,False,False,True,0,Bajo
202,90.88,15,0,1.0,81.55,94.62,96.47,7.4585,4,15,31.33,0,6.6387,0,0.0759,5.68,0.0,90.88,0,1,0,False,False,True,0,Bajo
203,75.95,15,1,0.9333,61.25,83.93,82.67,10.7137,2,15,29.0,0,10.4104,0,0.1141,4.746875,0.0625,70.884135,0,0,1,False,False,True,0,Bajo
204,68.5,15,3,0.8,65.55,68.28,71.66,3.0559,9,15,39.0,1,2.5,1,0.2405,4.28125,0.1875,54.800000000000004,1,0,1,False,False,True,1,Medio
205,63.84,18,5,0.7222,55.9,59.76,75.87,9.9842,6,18,35.33,3,8.6483,1,0.6225,3.3600000000000003,0.2631578947368421,46.105247999999996,1,0,1,False,False,True,1,Alto
206,80.88,18,2,0.8889,95.21,80.89,66.53,-14.3391,7,18,33.33,4,11.7078,0,0.3775,4.256842105263158,0.10526315789473684,71.894232,0,1,0,True,False,False,0,Medio
207,76.39,15,0,1.0,70.67,76.04,82.46,5.898,3,15,29.0,3,4.8221,0,0.0759,4.774375,0.0,76.39,0,1,0,False,False,True,0,Bajo
208,64.26,15,3,0.8,62.14,62.52,68.11,2.982,6,15,34.67,4,2.7267,1,0.2405,4.01625,0.1875,51.40800000000001,1,0,1,False,False,True,0,Medio
209,64.2,18,3,0.8333,56.16,61.51,74.91,9.3735,4,18,29.33,0,7.8853,1,0.4013,3.378947368421053,0.15789473684210525,53.49786,1,1,0,False,False,True,0,Medio
210,73.27,18,6,0.6667,90.31,69.55,59.95,-15.1781,8,18,30.33,1,12.6691,1,0.8249,3.856315789473684,0.3157894736842105,48.84910899999999,1,0,1,True,False,False,1,Critico
211,89.91,15,0,1.0,92.69,91.21,85.84,-3.4275,4,15,32.0,0,2.9445,0,0.1301,5.619375,0.0,89.91,0,0,1,True,False,False,1,Bajo
212,73.58,18,0,1.0,70.82,71.87,78.04,3.6098,4,18,34.0,4,3.1854,0,0.148,3.8726315789473684,0.0,73.58,0,0,1,False,False,True,0,Bajo
213,75.03,18,4,0.7778,54.35,70.74,100.0,22.8254,6,18,34.67,1,18.8822,1,0.4502,3.9489473684210528,0.21052631578947367,58.358334000000006,1,0,1,False,False,True,0,Alto
214,86.81,15,0,1.0,81.16,83.3,95.96,7.398,3,15,32.33,3,6.5287,0,0.0759,5.425625,0.0,86.81,0,0,1,False,False,True,0,Bajo
215,81.1,15,0,1.0,73.55,84.72,85.03,5.7425,4,15,35.67,5,5.3431,0,0.0759,5.06875,0.0,81.1,0,1,0,False,False,True,0,Bajo
216,81.57,15,1,0.9333,63.39,83.88,97.46,17.0357,4,15,37.33,5,14.0045,0,0.1141,5.098125,0.0625,76.12928099999999,0,0,1,False,False,True,0,Bajo
217,68.26,18,4,0.7778,64.6,66.07,74.11,4.7554,8,18,32.33,4,4.1808,1,0.4502,3.5926315789473686,0.21052631578947367,53.092628000000005,1,0,1,False,False,True,0,Medio
218,79.2,15,0,1.0,73.76,77.39,86.44,6.3423,4,15,33.0,1,5.3333,0,0.0759,4.95,0.0,79.2,0,0,1,False,False,True,1,Bajo
219,77.92,18,1,0.9444,67.03,73.46,93.26,13.1145,4,18,30.67,4,11.161,0,0.1751,4.1010526315789475,0.05263157894736842,73.587648,0,1,0,False,False,True,1,Bajo
220,70.58,18,3,0.8333,79.42,69.47,62.86,-8.2805,6,18,31.0,5,6.8067,1,0.4256,3.714736842105263,0.15789473684210525,58.814314,1,1,0,True,False,False,1,Alto
221,79.0,15,0,1.0,84.87,77.44,74.7,-5.0838,3,15,32.0,4,4.2953,0,0.1301,4.9375,0.0,79.0,0,0,1,True,False,False,0,Bajo
222,74.22,15,2,0.8667,58.36,79.75,84.55,13.0949,4,15,35.0,5,11.384,0,0.168,4.63875,0.125,64.326474,0,0,1,False,False,True,1,Bajo
223,79.6,15,0,1.0,73.7,76.81,88.29,7.2945,4,15,37.67,1,6.2737,0,0.0759,4.975,0.0,79.6,0,0,1,False,False,True,0,Bajo
224,79.99,15,2,0.8667,95.91,74.56,69.49,-13.2106,5,15,38.33,1,11.448,0,0.2689,4.999375,0.125,69.327333,0,0,1,True,False,False,0,Medio
225,84.02,15,2,0.8667,65.39,87.61,99.07,16.8435,6,15,34.0,4,13.9848,0,0.168,5.25125,0.125,72.820134,0,1,0,False,False,True,0,Bajo
226,77.1,18,4,0.7778,52.76,78.56,100.0,23.6223,7,18,34.0,3,19.3149,1,0.5125,4.057894736842105,0.21052631578947367,59.968379999999996,1,0,1,False,False,True,0,Alto
227,76.59,18,0,1.0,70.58,78.36,80.83,5.121,3,18,36.67,4,4.3646,0,0.0953,4.031052631578947,0.0,76.59,0,1,0,False,False,True,0,Bajo
228,79.33,18,0,1.0,87.36,77.43,73.21,-7.0762,5,18,29.33,0,5.9316,0,0.1978,4.175263157894737,0.0,79.33,0,0,1,True,False,False,0,Bajo
229,69.6,18,2,0.8889,60.21,73.17,75.43,7.6087,4,18,33.33,4,6.7047,0,0.2497,3.663157894736842,0.10526315789473684,61.867439999999995,0,1,0,False,False,True,0,Medio
230,88.84,12,0,1.0,79.69,89.82,97.03,8.668,2,12,35.67,0,7.1106,0,0.0759,6.833846153846154,0.0,88.84,0,1,0,False,False,True,0,Bajo
231,88.9,18,0,1.0,73.79,92.91,100.0,13.106,5,18,34.33,5,11.0705,0,0.0953,4.678947368421053,0.0,88.9,0,0,1,False,False,True,0,Bajo
232,86.25,15,0,1.0,77.13,88.57,93.05,7.9631,5,15,33.0,4,6.7055,0,0.0759,5.390625,0.0,86.25,0,0,1,False,False,True,0,Bajo
233,73.04,15,1,0.9333,75.21,72.71,71.2,-2.0051,7,15,37.67,2,1.6543,0,0.19,4.565,0.0625,68.168232,0,0,1,True,False,False,0,Bajo
234,84.17,15,0,1.0,77.69,84.08,90.75,6.5305,4,15,33.0,0,5.3325,0,0.0759,5.260625,0.0,84.17,0,0,1,False,False,True,0,Bajo
235,70.48,18,3,0.8333,67.87,68.63,74.94,3.5324,5,18,35.0,1,3.1672,1,0.2405,3.7094736842105265,0.15789473684210525,58.73098400000001,1,1,0,False,False,True,0,Medio
236,71.23,15,3,0.8,59.18,75.12,79.41,10.1146,5,15,31.67,0,8.7033,1,0.2405,4.451875,0.1875,56.98400000000001,1,1,0,False,False,True,0,Medio
237,73.95,18,4,0.7778,68.9,69.12,83.84,7.4693,8,18,36.67,5,6.9906,1,0.3318,3.892105263157895,0.21052631578947367,57.51831000000001,1,1,0,False,False,True,1,Medio
238,69.23,18,4,0.7778,55.58,70.9,81.2,12.8114,8,18,36.33,5,10.5269,1,0.4502,3.643684210526316,0.21052631578947367,53.847094000000006,1,0,1,False,False,True,1,Alto
239,77.75,15,1,0.9333,67.83,72.85,92.58,12.3754,5,15,35.67,5,10.6835,0,0.1141,4.859375,0.0625,72.564075,0,0,1,False,False,True,0,Bajo
240,76.11,18,3,0.8333,69.62,77.94,80.76,5.574,5,18,29.33,2,4.7327,1,0.343,4.00578947368421,0.15789473684210525,63.422463,1,0,1,False,False,True,0,Medio
241,85.32,18,0,1.0,71.79,85.71,98.47,13.3395,3,18,33.33,2,10.895,0,0.148,4.490526315789474,0.0,85.32,0,0,1,False,False,True,0,Bajo
242,73.02,15,0,1.0,74.42,74.36,70.29,-2.0621,1,15,33.33,0,1.932,0,0.1301,4.56375,0.0,73.02,0,1,0,True,False,False,0,Bajo
243,72.77,18,2,0.8889,67.46,74.47,76.36,4.4499,6,18,34.0,3,3.8277,0,0.2497,3.8299999999999996,0.10526315789473684,64.685253,0,0,1,False,False,True,1,Medio
244,77.65,12,0,1.0,76.59,78.66,77.72,0.5628,2,12,32.67,0,0.8453,0,0.0759,5.973076923076923,0.0,77.65,0,0,1,False,True,False,0,Bajo
245,85.21,12,0,1.0,78.43,84.21,93.0,7.2832,1,12,33.0,0,5.9888,0,0.0759,6.554615384615384,0.0,85.21,0,0,1,False,False,True,0,Bajo
246,87.37,15,0,1.0,81.76,87.87,92.48,5.36,3,15,30.33,1,4.3906,0,0.0759,5.460625,0.0,87.37,0,0,1,False,False,True,0,Bajo
247,81.51,18,0,1.0,75.87,82.52,86.15,5.1397,4,18,29.0,0,4.2569,0,0.0953,4.29,0.0,81.51,0,0,1,False,False,True,0,Bajo
248,64.89,18,4,0.7778,52.55,55.03,87.1,17.2728,8,18,34.67,5,15.7325,1,0.5125,3.415263157894737,0.21052631578947367,50.471442,1,0,1,False,False,True,1,Alto
249,89.52,12,0,1.0,100.0,84.84,83.73,-8.1357,2,12,32.0,3,7.4219,0,0.1301,6.886153846153846,0.0,89.52,0,1,0,True,False,False,0,Bajo
250,77.9,18,2,0.8889,65.47,76.05,92.18,13.3511,6,18,33.0,5,10.9796,0,0.168,4.1000000000000005,0.10526315789473684,69.24531,0,0,1,False,False,True,0,Bajo
251,81.54,12,1,0.9167,70.02,79.57,95.03,12.5074,4,12,36.0,0,10.3068,0,0.1141,6.272307692307693,0.07692307692307693,74.747718,0,0,1,False,False,True,0,Bajo
252,79.25,12,0,1.0,85.94,78.32,73.48,-6.2297,6,12,36.67,1,5.1287,0,0.1301,6.096153846153846,0.0,79.25,0,1,0,True,False,False,0,Bajo
253,90.35,15,0,1.0,99.21,88.34,83.49,-7.862,4,15,31.67,1,6.5738,0,0.1301,5.646875,0.0,90.35,0,0,1,True,False,False,0,Bajo
254,78.38,18,2,0.8889,60.82,82.29,92.03,15.6049,6,18,32.0,3,13.0372,0,0.2059,4.125263157894737,0.10526315789473684,69.671982,0,0,1,False,False,True,0,Bajo
255,76.78,18,0,1.0,84.56,74.15,71.63,-6.4664,2,18,28.33,1,5.5976,0,0.1611,4.041052631578947,0.0,76.78,0,1,0,True,False,False,1,Bajo
256,80.29,15,2,0.8667,68.38,80.54,91.94,11.7803,4,15,36.67,2,9.6203,0,0.168,5.018125,0.125,69.587343,0,1,0,False,False,True,0,Bajo
257,71.93,18,2,0.8889,67.5,71.63,76.66,4.5787,6,18,33.67,3,3.7445,0,0.2059,3.785789473684211,0.10526315789473684,63.93857700000001,0,1,0,False,False,True,0,Bajo
258,70.52,18,1,0.9444,62.06,71.06,78.44,8.1915,2,18,30.67,5,6.6993,0,0.1751,3.711578947368421,0.05263157894736842,66.599088,0,1,0,False,False,True,0,Bajo
259,82.31,15,0,1.0,70.31,85.07,91.56,10.625,6,15,30.33,3,8.8922,0,0.0759,5.144375,0.0,82.31,0,0,1,False,False,True,1,Bajo
260,81.32,12,0,1.0,91.87,76.28,75.81,-8.0303,3,12,33.67,2,7.4633,0,0.1301,6.255384615384615,0.0,81.32,0,0,1,True,False,False,0,Bajo
261,83.18,15,1,0.9333,76.81,83.39,89.34,6.2651,5,15,34.67,0,5.1176,0,0.1141,5.19875,0.0625,77.631894,0,0,1,False,False,True,0,Bajo
262,79.46,15,2,0.8667,60.85,79.28,98.26,18.7027,5,15,33.67,0,15.2713,0,0.168,4.96625,0.125,68.867982,0,1,0,False,False,True,0,Bajo
263,67.43,18,4,0.7778,42.45,65.38,94.45,26.0007,5,18,30.0,0,21.2786,1,0.5125,3.548947368421053,0.21052631578947367,52.44705400000001,1,0,1,False,False,True,0,Alto
264,74.33,15,2,0.8667,57.93,79.78,85.27,13.6714,7,15,32.33,1,11.8099,0,0.168,4.645625,0.125,64.421811,0,1,0,False,False,True,0,Bajo
265,82.63,12,1,0.9167,79.03,83.9,84.95,2.9597,2,12,30.0,3,2.5796,0,0.1141,6.356153846153846,0.07692307692307693,75.74692099999999,0,1,0,False,False,True,0,Bajo
266,84.49,18,0,1.0,79.7,86.49,87.26,3.7774,4,18,34.0,1,3.3951,0,0.148,4.4468421052631575,0.0,84.49,0,0,1,False,False,True,0,Bajo
267,77.76,18,0,1.0,73.76,80.85,78.67,2.4547,6,18,30.33,0,2.9652,0,0.0759,4.092631578947369,0.0,77.76,0,1,0,False,False,True,0,Bajo
268,86.29,15,0,1.0,75.95,82.91,100.0,12.0247,4,15,31.67,3,10.104,0,0.0759,5.393125,0.0,86.29,0,0,1,False,False,True,0,Bajo
269,72.74,15,4,0.7333,67.33,68.2,82.68,7.6725,8,15,32.33,5,7.0375,1,0.3318,4.54625,0.25,53.34024199999999,1,0,1,False,False,True,0,Medio
270,81.27,15,2,0.8667,69.38,84.14,90.3,10.4632,5,15,33.0,0,8.7801,0,0.168,5.079375,0.125,70.436709,0,0,1,False,False,True,0,Bajo
271,77.34,15,0,1.0,73.17,76.65,82.19,4.5098,5,15,36.0,4,3.7137,0,0.0759,4.83375,0.0,77.34,0,1,0,False,False,True,0,Bajo
272,81.32,18,3,0.8333,98.05,91.09,54.8,-21.6258,4,18,28.33,2,18.9624,1,0.4256,4.279999999999999,0.15789473684210525,67.763956,1,0,1,True,False,False,0,Alto
273,77.48,18,0,1.0,70.79,72.0,89.66,9.4354,4,18,34.33,5,8.6247,0,0.0953,4.077894736842105,0.0,77.48,0,1,0,False,False,True,0,Bajo
274,82.87,15,0,1.0,76.6,84.9,87.12,5.2632,4,15,34.67,2,4.5295,0,0.0759,5.179375,0.0,82.87,0,0,1,False,False,True,1,Bajo
275,86.15,15,1,0.9333,80.22,87.0,91.25,5.5169,4,15,29.33,4,4.5438,0,0.1141,5.384375,0.0625,80.403795,0,1,0,False,False,True,1,Bajo
276,80.24,15,0,1.0,78.07,79.32,83.32,2.6254,6,15,36.67,5,2.2393,0,0.0759,5.015,0.0,80.24,0,0,1,False,False,True,0,Bajo
277,78.0,15,0,1.0,74.69,75.31,83.99,4.6494,4,15,29.67,0,4.2444,0,0.0759,4.875,0.0,78.0,0,0,1,False,False,True,1,Bajo
278,73.14,18,2,0.8889,60.35,71.24,87.84,13.742,4,18,29.0,5,11.3006,0,0.168,3.849473684210526,0.10526315789473684,65.014146,0,1,0,False,False,True,1,Bajo
279,76.55,18,1,0.9444,60.95,76.42,92.28,15.6674,3,18,34.0,4,12.7927,0,0.1141,4.028947368421052,0.05263157894736842,72.29382,0,0,1,False,False,True,0,Bajo
280,81.9,15,1,0.9333,79.54,82.11,84.05,2.2532,5,15,35.33,3,1.8458,0,0.1141,5.11875,0.0625,76.43727000000001,0,1,0,False,False,True,0,Bajo
281,95.25,15,0,1.0,99.56,99.45,86.73,-6.415,3,15,35.0,5,6.0224,0,0.1301,5.953125,0.0,95.25,0,0,1,True,False,False,0,Bajo
282,86.7,15,0,1.0,78.38,84.07,97.65,9.6357,1,15,34.33,1,8.0844,0,0.0759,5.41875,0.0,86.7,0,1,0,False,False,True,0,Bajo
283,80.11,15,1,0.9333,77.29,77.78,85.25,3.9781,6,15,31.0,1,3.6411,0,0.1141,5.006875,0.0625,74.766663,0,0,1,False,False,True,0,Bajo
284,86.86,15,1,0.9333,80.79,82.39,97.4,8.3041,5,15,32.0,0,7.482,0,0.1141,5.42875,0.0625,81.066438,0,0,1,False,False,True,0,Bajo
285,78.64,18,0,1.0,71.7,79.1,85.13,6.715,2,18,31.67,3,5.4924,0,0.0953,4.138947368421053,0.0,78.64,0,0,1,False,False,True,0,Bajo
286,82.61,18,0,1.0,79.53,82.35,85.94,3.2086,4,18,38.33,0,2.6261,0,0.0953,4.347894736842105,0.0,82.61,0,0,1,False,False,True,0,Bajo
287,77.4,18,0,1.0,71.94,79.51,80.76,4.4139,1,18,31.0,2,3.8991,0,0.148,4.0736842105263165,0.0,77.4,0,0,1,False,False,True,0,Bajo
288,77.02,15,2,0.8667,69.73,77.14,84.19,7.2316,3,15,36.67,0,5.9052,0,0.168,4.81375,0.125,66.75323399999999,0,1,0,False,False,True,0,Bajo
289,63.82,18,5,0.7222,69.6,67.43,54.42,-7.5894,10,18,32.0,5,6.7029,1,0.7503,3.3589473684210525,0.2631578947368421,46.090804,1,0,1,True,False,False,1,Critico
290,75.96,18,2,0.8889,88.72,71.11,68.04,-10.3429,6,18,33.33,3,9.1136,0,0.2689,3.9978947368421047,0.10526315789473684,67.520844,0,1,0,True,False,False,1,Medio
291,80.64,15,0,1.0,70.97,75.3,95.64,12.3391,2,15,33.33,3,10.7581,0,0.0759,5.04,0.0,80.64,0,1,0,False,False,True,0,Bajo
292,80.94,18,2,0.8889,58.29,92.21,92.32,17.0152,7,18,31.33,5,16.0161,0,0.2497,4.26,0.10526315789473684,71.947566,0,1,0,False,False,True,0,Medio
293,70.62,15,2,0.8667,71.77,67.73,72.37,0.3026,5,15,36.67,2,2.0604,0,0.168,4.41375,0.125,61.206354000000005,0,1,0,False,True,False,0,Bajo
294,68.18,18,4,0.7778,44.28,78.98,81.28,18.4997,7,18,30.33,3,16.9257,1,0.5125,3.5884210526315794,0.21052631578947367,53.03040400000001,1,0,1,False,False,True,1,Alto
295,71.04,18,3,0.8333,53.39,73.48,86.26,16.4337,5,18,26.0,2,13.5284,1,0.4013,3.738947368421053,0.15789473684210525,59.197632000000006,1,0,1,False,False,True,1,Medio
296,82.6,15,0,1.0,72.8,83.65,91.34,9.275,5,15,29.0,2,7.6095,0,0.0759,5.1625,0.0,82.6,0,0,1,False,False,True,0,Bajo
297,83.88,18,0,1.0,76.45,78.72,96.48,10.0153,3,18,33.0,4,8.9553,0,0.0953,4.414736842105263,0.0,83.88,0,1,0,False,False,True,0,Bajo
298,68.43,18,4,0.7778,67.7,68.34,69.24,0.7707,7,18,30.33,4,0.632,1,0.5125,3.6015789473684214,0.21052631578947367,53.22485400000001,1,1,0,False,True,False,0,Alto
299,74.6,18,3,0.8333,68.93,74.1,80.78,5.9283,6,18,33.33,5,4.8536,1,0.2405,3.926315789473684,0.15789473684210525,62.16418,1,0,1,False,False,True,1,Medio
300,79.34,15,2,0.8667,66.29,77.1,94.62,14.1646,3,15,36.33,3,11.6733,0,0.168,4.95875,0.125,68.76397800000001,0,0,1,False,False,True,0,Bajo
301,86.57,18,0,1.0,82.48,88.39,88.85,3.1859,3,18,30.0,4,2.9015,0,0.1192,4.556315789473683,0.0,86.57,0,0,1,False,False,True,0,Bajo
302,73.81,15,0,1.0,72.77,70.79,77.89,2.5624,3,15,34.33,3,2.9932,0,0.0759,4.613125,0.0,73.81,0,0,1,False,False,True,0,Bajo
303,71.62,18,2,0.8889,57.27,78.63,78.96,10.8491,6,18,36.0,1,10.1512,0,0.2994,3.7694736842105265,0.10526315789473684,63.66301800000001,0,0,1,False,False,True,1,Medio
304,78.9,18,2,0.8889,65.14,78.53,93.04,13.9523,2,18,35.67,3,11.3951,0,0.2994,4.152631578947369,0.10526315789473684,70.13421000000001,0,0,1,False,False,True,0,Medio
305,80.46,18,0,1.0,76.02,76.77,88.58,6.2765,5,18,34.33,2,5.7494,0,0.0759,4.234736842105263,0.0,80.46,0,1,0,False,False,True,0,Bajo
306,86.43,15,1,0.9333,74.18,90.68,94.43,10.1239,3,15,29.0,1,8.7945,0,0.1141,5.401875,0.0625,80.665119,0,0,1,False,False,True,0,Bajo
307,77.87,15,1,0.9333,69.43,79.73,84.44,7.5089,4,15,31.67,2,6.2708,0,0.1141,4.866875,0.0625,72.67607100000001,0,0,1,False,False,True,0,Bajo
308,80.99,15,1,0.9333,76.86,79.12,86.99,5.0643,3,15,34.33,5,4.3414,0,0.1141,5.061875,0.0625,75.58796699999999,0,0,1,False,False,True,0,Bajo
309,75.26,12,1,0.9167,66.18,71.72,87.88,10.8506,7,12,34.0,3,9.2065,0,0.1141,5.78923076923077,0.07692307692307693,68.990842,0,0,1,False,False,True,0,Bajo
310,74.66,18,1,0.9444,73.19,73.62,77.17,1.9891,5,18,31.33,5,1.7828,0,0.1141,3.9294736842105262,0.05263157894736842,70.508904,0,1,0,False,True,False,0,Bajo
311,87.08,18,0,1.0,99.06,82.81,79.38,-9.842,4,18,29.0,3,8.5853,0,0.1611,4.583157894736842,0.0,87.08,0,0,1,True,False,False,0,Bajo
312,88.67,15,0,1.0,82.0,87.88,96.12,7.0573,1,15,33.33,5,5.7889,0,0.0759,5.541875,0.0,88.67,0,0,1,False,False,True,1,Bajo
313,71.0,18,2,0.8889,65.82,69.89,77.28,5.7307,4,18,29.67,1,4.7444,0,0.2497,3.736842105263158,0.10526315789473684,63.1119,0,0,1,False,False,True,0,Medio
314,73.17,18,2,0.8889,64.62,74.51,80.39,7.8821,6,18,38.67,3,6.5046,0,0.168,3.8510526315789475,0.10526315789473684,65.040813,0,0,1,False,False,True,0,Bajo
315,65.79,18,5,0.7222,51.48,67.89,78.02,13.272,9,18,32.0,2,10.9373,1,0.6225,3.4626315789473687,0.2631578947368421,47.513538000000004,1,0,1,False,False,True,1,Alto
316,65.77,18,5,0.7222,82.02,77.49,37.81,-22.1067,7,18,35.0,5,19.8598,1,0.7503,3.461578947368421,0.2631578947368421,47.49909399999999,1,0,1,True,False,False,0,Alto
317,87.75,12,0,1.0,83.07,87.99,92.18,4.5557,4,12,35.67,4,3.7237,0,0.0759,6.75,0.0,87.75,0,0,1,False,False,True,1,Bajo
318,75.53,15,2,0.8667,69.31,77.0,80.3,5.4972,5,15,31.67,3,4.6063,0,0.168,4.720625,0.125,65.46185100000001,0,0,1,False,False,True,0,Bajo
319,73.71,15,4,0.7333,59.84,78.56,82.73,11.4452,9,15,27.0,1,9.9538,1,0.3318,4.606875,0.25,54.051542999999995,1,0,1,False,False,True,0,Medio
320,86.4,18,0,1.0,96.51,82.76,79.93,-8.2893,4,18,36.0,3,7.2419,0,0.1611,4.5473684210526315,0.0,86.4,0,1,0,True,False,False,0,Bajo
321,69.54,18,4,0.7778,57.98,64.09,86.55,14.2851,7,18,33.33,3,12.2834,1,0.4502,3.66,0.21052631578947367,54.088212000000006,1,0,1,False,False,True,0,Alto
322,75.97,18,2,0.8889,64.58,73.43,89.91,12.6666,4,18,37.67,0,10.4975,0,0.2497,3.998421052631579,0.10526315789473684,67.52973300000001,0,0,1,False,False,True,0,Medio
323,68.97,18,3,0.8333,63.97,67.23,75.71,5.8685,5,18,35.33,4,4.9475,1,0.343,3.63,0.15789473684210525,57.472701,1,1,0,False,False,True,0,Medio
324,69.15,15,1,0.9333,62.44,70.74,74.28,5.9185,5,15,35.0,5,4.9611,0,0.1141,4.321875,0.0625,64.53769500000001,0,0,1,False,False,True,0,Bajo
325,90.04,15,0,1.0,82.66,89.52,97.93,7.6383,2,15,31.67,1,6.2474,0,0.0759,5.6275,0.0,90.04,0,1,0,False,False,True,0,Bajo
326,88.29,15,0,1.0,84.35,84.63,95.9,5.7704,2,15,32.33,5,5.3774,0,0.0759,5.518125,0.0,88.29,0,0,1,False,False,True,0,Bajo
327,72.47,18,4,0.7778,69.18,69.28,78.95,4.8842,8,18,36.33,4,4.5826,1,0.4502,3.8142105263157893,0.21052631578947367,56.367166000000005,1,0,1,False,False,True,0,Medio
328,91.21,12,0,1.0,85.72,88.47,99.42,6.8524,4,12,38.33,4,5.9188,0,0.0759,7.016153846153846,0.0,91.21,0,1,0,False,False,True,0,Bajo
329,79.8,15,2,0.8667,68.31,74.32,96.77,14.234,5,15,30.67,4,12.2514,0,0.168,4.9875,0.125,69.16266,0,0,1,False,False,True,0,Bajo
330,74.53,15,2,0.8667,63.01,78.78,81.78,9.3823,6,15,35.33,5,8.2314,0,0.168,4.658125,0.125,64.595151,0,0,1,False,False,True,0,Bajo
331,85.72,15,1,0.9333,87.56,85.79,83.81,-1.8758,3,15,26.67,4,1.5324,0,0.1141,5.3575,0.0625,80.002476,0,0,1,False,True,False,0,Bajo
332,70.92,18,3,0.8333,86.33,63.97,62.46,-11.9327,8,18,32.67,3,10.9124,1,0.4256,3.7326315789473683,0.15789473684210525,59.097636,1,0,1,True,False,False,1,Alto
333,76.56,18,2,0.8889,57.97,83.55,88.15,15.0891,8,18,31.67,4,13.2766,0,0.2497,4.029473684210527,0.10526315789473684,68.054184,0,0,1,False,False,True,0,Medio
334,75.71,18,3,0.8333,67.37,67.18,92.58,12.6045,6,18,34.0,5,11.931,1,0.2891,3.9847368421052627,0.15789473684210525,63.089143,1,1,0,False,False,True,0,Medio
335,81.31,15,0,1.0,77.48,79.75,86.71,4.617,4,15,32.0,5,3.9288,0,0.0759,5.081875,0.0,81.31,0,0,1,False,False,True,0,Bajo
336,74.83,18,3,0.8333,59.94,76.5,88.05,14.0515,6,18,31.0,2,11.5337,1,0.4013,3.938421052631579,0.15789473684210525,62.355839,1,0,1,False,False,True,0,Medio
337,66.95,18,3,0.8333,89.71,60.63,50.52,-19.5974,6,18,30.33,0,16.6147,1,0.5498,3.5236842105263158,0.15789473684210525,55.789435000000005,1,1,0,True,False,False,1,Alto
338,89.79,18,0,1.0,81.7,89.31,98.36,8.3289,3,18,33.33,3,6.8089,0,0.148,4.725789473684211,0.0,89.79,0,1,0,False,False,True,0,Bajo
339,74.34,18,4,0.7778,57.16,68.93,96.92,19.8795,8,18,32.33,4,16.6758,1,0.5125,3.9126315789473685,0.21052631578947367,57.82165200000001,1,0,1,False,False,True,0,Alto
340,79.46,15,2,0.8667,89.66,83.16,65.57,-12.0447,4,15,32.67,1,10.1764,0,0.2689,4.96625,0.125,68.867982,0,0,1,True,False,False,1,Medio
341,84.18,15,1,0.9333,71.66,82.23,98.65,13.494,4,15,30.33,1,11.104,0,0.1141,5.26125,0.0625,78.565194,0,0,1,False,False,True,0,Bajo
342,72.72,18,2,0.8889,65.59,70.4,82.16,8.2872,5,18,32.67,0,6.9619,0,0.168,3.8273684210526313,0.10526315789473684,64.640808,0,1,0,False,False,True,0,Bajo
343,83.12,18,0,1.0,79.66,81.34,88.38,4.3595,3,18,32.33,1,3.7767,0,0.148,4.374736842105263,0.0,83.12,0,0,1,False,False,True,0,Bajo
344,76.29,18,3,0.8333,62.23,67.58,99.06,18.4146,6,18,34.33,2,16.2477,1,0.2405,4.015263157894737,0.15789473684210525,63.57245700000001,1,0,1,False,False,True,1,Medio
345,74.41,18,4,0.7778,87.99,76.09,59.16,-14.4146,8,18,34.33,5,11.8289,1,0.475,3.916315789473684,0.21052631578947367,57.876098,1,0,1,True,False,False,0,Medio
346,80.99,18,0,1.0,87.58,79.27,76.11,-5.7323,3,18,38.33,4,4.8352,0,0.1978,4.262631578947368,0.0,80.99,0,1,0,True,False,False,1,Bajo
347,75.53,18,2,0.8889,68.27,76.2,82.11,6.919,6,18,31.67,1,5.6695,0,0.168,3.975263157894737,0.10526315789473684,67.138617,0,1,0,False,False,True,0,Bajo
348,79.25,18,0,1.0,77.55,73.22,86.98,4.7153,4,18,29.0,5,5.7442,0,0.0953,4.171052631578948,0.0,79.25,0,1,0,False,False,True,0,Bajo
349,69.83,15,2,0.8667,61.79,72.32,75.38,6.7942,6,15,32.0,5,5.8203,0,0.168,4.364375,0.125,60.521661,0,1,0,False,False,True,0,Bajo
350,79.41,15,0,1.0,74.26,79.18,84.8,5.2698,4,15,35.67,2,4.3058,0,0.0759,4.963125,0.0,79.41,0,0,1,False,False,True,1,Bajo
351,63.46,18,5,0.7222,64.3,63.54,62.53,-0.8818,7,18,30.0,1,0.7223,1,0.6225,3.34,0.2631578947368421,45.830811999999995,1,1,0,False,True,False,1,Alto
352,72.82,18,1,0.9444,67.32,71.36,79.77,6.2211,3,18,31.0,0,5.1825,0,0.1419,3.832631578947368,0.05263157894736842,68.771208,0,0,1,False,False,True,0,Bajo
353,75.02,15,2,0.8667,66.08,75.7,83.28,8.5958,4,15,31.0,5,7.0348,0,0.168,4.68875,0.125,65.019834,0,0,1,False,False,True,0,Bajo
354,63.91,18,5,0.7222,51.18,64.98,75.57,12.1978,8,18,33.0,4,9.988,1,0.4378,3.3636842105263156,0.2631578947368421,46.155801999999994,1,0,1,False,False,True,1,Alto
355,91.91,15,0,1.0,88.75,89.79,97.17,4.211,0,15,36.33,1,3.7489,0,0.0759,5.744375,0.0,91.91,0,0,1,False,False,True,1,Bajo
356,81.66,15,1,0.9333,69.12,86.34,89.52,10.2,2,15,31.67,4,8.9622,0,0.1141,5.10375,0.0625,76.213278,0,1,0,False,False,True,0,Bajo
357,55.03,18,6,0.6667,36.24,55.28,73.59,18.6766,9,18,36.33,4,15.2503,1,0.7307,2.896315789473684,0.3157894736842105,36.688500999999995,1,0,1,False,False,True,1,Critico
358,81.04,18,3,0.8333,67.62,75.49,100.0,16.1875,4,18,37.33,1,13.7867,1,0.4013,4.265263157894737,0.15789473684210525,67.53063200000001,1,0,1,False,False,True,1,Medio
359,75.17,15,3,0.8,57.65,80.28,87.58,14.9625,5,15,32.0,1,12.7397,1,0.2405,4.698125,0.1875,60.136,1,1,0,False,False,True,0,Medio
360,74.02,18,2,0.8889,67.74,77.15,77.17,4.7165,6,18,33.33,3,4.4407,0,0.2994,3.8957894736842102,0.10526315789473684,65.796378,0,0,1,False,False,True,1,Medio
361,72.21,15,2,0.8667,65.5,73.03,78.09,6.2902,8,15,36.33,5,5.1686,0,0.168,4.513125,0.125,62.584407,0,0,1,False,False,True,0,Bajo
362,84.37,12,1,0.9167,84.18,84.23,84.7,0.2587,5,12,31.33,5,0.2341,0,0.1141,6.49,0.07692307692307693,77.341979,0,0,1,False,True,False,0,Bajo
363,80.92,15,0,1.0,74.37,84.26,84.13,4.8794,2,15,34.0,3,4.6321,0,0.0759,5.0575,0.0,80.92,0,0,1,False,False,True,0,Bajo
364,68.55,18,3,0.8333,65.14,66.87,73.66,4.2593,5,18,37.33,3,3.6759,1,0.2891,3.607894736842105,0.15789473684210525,57.122715,1,1,0,False,False,True,1,Medio
365,60.39,15,7,0.5333,49.13,57.12,74.92,12.8946,10,15,29.33,0,10.7799,1,0.657,3.774375,0.4375,32.205987,1,0,1,False,False,True,1,Critico
366,79.21,18,0,1.0,71.67,80.58,85.39,6.8579,3,18,36.67,4,5.6821,0,0.0759,4.168947368421052,0.0,79.21,0,1,0,False,False,True,0,Bajo
367,78.4,15,2,0.8667,86.87,78.38,69.96,-8.4588,4,15,31.0,3,6.9066,0,0.2689,4.9,0.125,67.94928,0,0,1,True,False,False,1,Medio
368,79.2,12,1,0.9167,66.58,80.04,90.97,12.1952,4,12,36.33,2,9.9751,0,0.1141,6.092307692307693,0.07692307692307693,72.60264,0,1,0,False,False,True,0,Bajo
369,78.73,18,1,0.9444,69.92,72.78,93.48,11.7788,4,18,34.0,5,10.4965,0,0.1419,4.143684210526316,0.05263157894736842,74.35261200000001,0,0,1,False,False,True,0,Bajo
370,83.17,12,1,0.9167,95.68,79.56,74.27,-10.7092,3,12,33.33,0,9.1088,0,0.19,6.397692307692308,0.07692307692307693,76.241939,0,1,0,True,False,False,0,Bajo
371,84.24,15,1,0.9333,82.53,83.17,87.01,2.2405,4,15,30.33,2,1.9776,0,0.1141,5.265,0.0625,78.621192,0,0,1,False,False,True,0,Bajo
372,75.51,18,2,0.8889,66.3,80.4,79.82,6.7611,5,18,34.67,4,6.5147,0,0.2497,3.97421052631579,0.10526315789473684,67.120839,0,1,0,False,False,True,0,Medio
373,61.41,18,7,0.6111,51.9,65.25,67.07,7.5867,9,18,38.0,5,6.7645,1,0.8022,3.2321052631578944,0.3684210526315789,37.527651,1,0,1,False,False,True,1,Critico
374,67.15,18,6,0.6667,57.79,66.34,77.33,9.7721,8,18,30.33,0,7.9998,1,0.7211,3.53421052631579,0.3157894736842105,44.768905000000004,1,0,1,False,False,True,0,Alto
375,84.59,18,2,0.8889,69.56,86.86,97.33,13.8844,4,18,34.33,3,11.45,0,0.2994,4.452105263157895,0.10526315789473684,75.192051,0,0,1,False,False,True,1,Medio
376,79.29,18,3,0.8333,56.35,87.53,94.01,18.8304,5,18,36.0,2,16.4403,1,0.4013,4.173157894736843,0.15789473684210525,66.07235700000001,1,1,0,False,False,True,1,Medio
377,74.02,15,1,0.9333,78.19,72.07,71.8,-3.1946,2,15,29.33,3,2.951,0,0.19,4.62625,0.0625,69.082866,0,0,1,True,False,False,1,Bajo
378,60.84,18,8,0.5556,48.7,58.45,75.38,13.3382,12,18,33.0,1,11.0213,1,0.8641,3.202105263157895,0.42105263157894735,33.802704,1,1,0,False,False,True,1,Critico
379,74.55,18,2,0.8889,68.66,75.51,79.5,5.4188,3,18,32.67,4,4.4754,0,0.2059,3.9236842105263157,0.10526315789473684,66.267495,0,1,0,False,False,True,0,Bajo
380,89.8,15,0,1.0,79.41,90.34,99.64,10.1126,2,15,31.0,3,8.2659,0,0.0759,5.6125,0.0,89.8,0,1,0,False,False,True,0,Bajo
381,80.41,18,0,1.0,73.17,76.97,91.08,8.9538,2,18,32.0,5,7.7034,0,0.148,4.232105263157894,0.0,80.41,0,1,0,False,False,True,1,Bajo
382,74.72,15,1,0.9333,64.55,74.91,84.69,10.0744,6,15,31.33,5,8.2269,0,0.1141,4.67,0.0625,69.736176,0,1,0,False,False,True,0,Bajo
383,61.13,18,7,0.6111,73.15,58.84,51.41,-10.8732,8,18,31.33,4,9.0248,1,0.852,3.217368421052632,0.3684210526315789,37.356543,1,1,0,True,False,False,1,Critico
384,64.91,18,3,0.8333,41.28,74.9,78.55,18.638,5,18,30.33,3,16.7779,1,0.4013,3.416315789473684,0.15789473684210525,54.089503,1,1,0,False,False,True,1,Medio
385,66.88,15,4,0.7333,53.12,69.93,77.59,12.2368,4,15,33.67,1,10.2208,1,0.3318,4.18,0.25,49.04310399999999,1,1,0,False,False,True,0,Medio
386,74.49,15,1,0.9333,88.37,74.46,60.65,-13.8616,6,15,35.0,3,11.318,0,0.19,4.655625,0.0625,69.521517,0,1,0,True,False,False,0,Bajo
387,72.91,15,3,0.8,59.15,79.28,80.3,10.5771,5,15,34.0,1,9.741,1,0.2405,4.556875,0.1875,58.328,1,1,0,False,False,True,0,Medio
388,79.49,15,1,0.9333,84.53,77.64,76.3,-4.118,4,15,30.33,0,3.6074,0,0.19,4.968125,0.0625,74.188017,0,1,0,True,False,False,0,Bajo
389,80.43,15,1,0.9333,69.57,84.56,87.16,8.7966,4,15,29.0,5,7.7523,0,0.1141,5.026875,0.0625,75.065319,0,0,1,False,False,True,0,Bajo
390,78.11,18,1,0.9444,91.5,74.99,67.84,-11.832,6,18,32.0,1,9.9093,0,0.2789,4.111052631578947,0.05263157894736842,73.767084,0,1,0,True,False,False,1,Medio
391,75.44,18,4,0.7778,92.25,68.87,65.21,-13.5204,9,18,32.0,1,11.9776,1,0.5987,3.9705263157894737,0.21052631578947367,58.677232000000004,1,0,1,True,False,False,1,Alto
392,76.2,15,3,0.8,82.86,77.16,68.59,-7.1329,8,15,32.67,1,5.8631,1,0.3659,4.7625,0.1875,60.96000000000001,1,0,1,True,False,False,0,Medio
393,83.62,15,1,0.9333,69.45,84.57,96.85,13.7008,3,15,29.0,4,11.2067,0,0.1141,5.22625,0.0625,78.042546,0,1,0,False,False,True,0,Bajo
394,86.91,12,1,0.9167,78.3,82.42,100.0,10.8502,2,12,37.67,2,9.4101,0,0.1141,6.685384615384615,0.07692307692307693,79.670397,0,0,1,False,False,True,0,Bajo
395,82.82,18,0,1.0,79.0,83.78,85.69,3.3448,4,18,30.33,4,2.8143,0,0.0953,4.3589473684210525,0.0,82.82,0,1,0,False,False,True,0,Bajo
396,65.48,18,5,0.7222,58.02,63.54,74.89,8.4333,9,18,35.33,4,7.0212,1,0.5,3.4463157894736844,0.2631578947368421,47.289656,1,0,1,False,False,True,0,Medio
397,71.7,15,3,0.8,65.73,63.77,85.6,9.9365,7,15,33.33,1,9.8604,1,0.2405,4.48125,0.1875,57.36000000000001,1,0,1,False,False,True,0,Medio
398,80.98,18,0,1.0,71.77,83.29,87.89,8.0618,2,18,32.67,5,6.7811,0,0.0953,4.262105263157895,0.0,80.98,0,0,1,False,False,True,0,Bajo
399,78.66,12,2,0.8333,69.83,81.48,84.66,7.4161,7,12,34.0,2,6.3753,0,0.168,6.05076923076923,0.15384615384615385,65.547378,0,1,0,False,False,True,1,Bajo
400,75.6,15,1,0.9333,71.42,74.16,81.24,4.9091,5,15,35.33,2,4.1368,0,0.1141,4.725,0.0625,70.55748,0,0,1,False,False,True,0,Bajo
401,73.75,18,0,1.0,71.32,71.93,78.0,3.3416,2,18,30.67,5,3.0163,0,0.0759,3.8815789473684212,0.0,73.75,0,0,1,False,False,True,0,Bajo
402,76.92,15,1,0.9333,65.4,81.58,83.78,9.188,5,15,31.67,5,8.1937,0,0.1141,4.8075,0.0625,71.78943600000001,0,0,1,False,False,True,0,Bajo
403,81.74,15,1,0.9333,88.23,82.45,74.52,-6.8547,5,15,33.67,4,5.6199,0,0.19,5.10875,0.0625,76.287942,0,1,0,True,False,False,0,Bajo
404,71.89,18,1,0.9444,78.87,74.31,62.49,-8.19,4,18,34.33,1,6.9023,0,0.3318,3.783684210526316,0.05263157894736842,67.892916,0,1,0,True,False,False,1,Medio
405,78.45,15,0,1.0,73.77,76.12,85.45,5.8366,5,15,32.0,0,5.0421,0,0.0759,4.903125,0.0,78.45,0,1,0,False,False,True,0,Bajo
406,70.46,18,4,0.7778,53.36,78.07,79.96,13.2961,7,18,34.33,2,12.1153,1,0.3318,3.7084210526315786,0.21052631578947367,54.803788,1,0,1,False,False,True,1,Medio
407,70.82,15,3,0.8,65.17,68.48,78.81,6.8226,5,15,33.67,0,5.8112,1,0.2405,4.42625,0.1875,56.656,1,1,0,False,False,True,0,Medio
408,74.29,18,1,0.9444,68.13,71.15,83.59,7.7267,4,18,31.33,2,6.6874,0,0.1419,3.91,0.05263157894736842,70.15947600000001,0,0,1,False,False,True,0,Bajo
409,84.13,15,1,0.9333,76.38,85.01,91.01,7.3148,3,15,31.0,1,6.0044,0,0.1141,5.258125,0.0625,78.518529,0,0,1,False,False,True,1,Bajo
410,78.63,18,2,0.8889,67.73,80.17,87.99,10.1321,6,18,31.33,1,8.3442,0,0.2059,4.138421052631578,0.10526315789473684,69.894207,0,1,0,False,False,True,0,Bajo
411,82.14,18,0,1.0,87.17,84.85,74.39,-6.391,3,18,32.67,0,5.5589,0,0.2405,4.323157894736842,0.0,82.14,0,0,1,True,False,False,0,Medio
412,78.88,15,2,0.8667,93.78,74.92,67.94,-12.9196,6,15,30.67,0,10.9141,0,0.2689,4.93,0.125,68.365296,0,0,1,True,False,False,0,Medio
413,84.42,18,0,1.0,75.4,88.25,89.61,7.1029,3,18,32.33,0,6.4003,0,0.148,4.443157894736842,0.0,84.42,0,0,1,False,False,True,0,Bajo
414,87.31,18,0,1.0,85.48,85.53,90.91,2.7109,5,18,34.0,1,2.5444,0,0.0953,4.595263157894737,0.0,87.31,0,1,0,False,False,True,0,Bajo
415,84.76,12,0,1.0,71.91,86.68,95.68,11.8848,6,12,33.0,0,9.7986,0,0.0759,6.5200000000000005,0.0,84.76,0,0,1,False,False,True,0,Bajo
416,86.12,12,0,1.0,73.73,87.18,97.45,11.8614,4,12,34.67,5,9.7137,0,0.0759,6.624615384615385,0.0,86.12,0,1,0,False,False,True,0,Bajo
417,67.23,15,4,0.7333,54.27,72.74,74.68,10.2021,9,15,30.67,3,9.196,1,0.3318,4.201875,0.25,49.299759,1,1,0,False,False,True,1,Medio
418,77.28,15,2,0.8667,64.22,67.62,100.0,17.8888,5,15,29.67,2,16.1254,0,0.168,4.83,0.125,66.978576,0,0,1,False,False,True,0,Bajo
419,86.06,18,1,0.9444,65.92,96.31,95.95,15.0155,4,18,29.67,5,14.2428,0,0.1141,4.529473684210527,0.05263157894736842,81.275064,0,1,0,False,False,True,0,Bajo
420,76.11,18,0,1.0,70.58,76.34,81.41,5.4118,4,18,30.33,3,4.4217,0,0.0953,4.00578947368421,0.0,76.11,0,1,0,False,False,True,0,Bajo
421,80.7,18,1,0.9444,79.77,79.93,82.42,1.3251,4,18,36.0,1,1.2121,0,0.1419,4.247368421052632,0.05263157894736842,76.21308,0,0,1,False,True,False,0,Bajo
422,74.08,15,3,0.8,92.61,66.51,63.13,-14.74,5,15,36.67,0,13.1733,1,0.3659,4.63,0.1875,59.264,1,0,1,True,False,False,0,Medio
423,80.72,15,0,1.0,72.81,73.71,95.65,11.4163,2,15,27.33,1,10.5587,0,0.0759,5.045,0.0,80.72,0,1,0,False,False,True,0,Bajo
424,84.02,15,1,0.9333,75.77,81.52,94.77,9.5014,6,15,33.0,5,7.9568,0,0.1141,5.25125,0.0625,78.415866,0,0,1,False,False,True,0,Bajo
425,74.82,15,3,0.8,91.98,67.65,64.84,-13.5677,7,15,30.67,2,12.184,1,0.3659,4.67625,0.1875,59.855999999999995,1,1,0,True,False,False,0,Medio
426,77.99,18,0,1.0,72.72,74.05,87.21,7.2424,3,18,32.67,0,6.5373,0,0.148,4.104736842105263,0.0,77.99,0,1,0,False,False,True,0,Bajo
427,76.33,18,2,0.8889,62.39,81.04,85.56,11.5851,4,18,33.0,1,10.0277,0,0.168,4.017368421052631,0.10526315789473684,67.849737,0,0,1,False,False,True,0,Bajo
428,85.8,18,0,1.0,78.92,87.4,91.08,6.0831,2,18,32.0,4,5.0938,0,0.148,4.515789473684211,0.0,85.8,0,0,1,False,False,True,1,Bajo
429,81.55,15,1,0.9333,67.43,81.41,95.82,14.1928,3,15,35.0,4,11.5888,0,0.1141,5.096875,0.0625,76.110615,0,1,0,False,False,True,1,Bajo
430,78.9,18,2,0.8889,95.18,77.05,64.46,-15.357,6,18,29.33,5,12.6068,0,0.2689,4.152631578947369,0.10526315789473684,70.13421000000001,0,1,0,True,False,False,0,Medio
431,81.38,15,2,0.8667,92.26,84.06,67.84,-12.208,8,15,31.33,0,10.1453,0,0.2689,5.08625,0.125,70.532046,0,0,1,True,False,False,0,Medio
432,79.02,18,1,0.9444,65.71,81.41,89.95,12.1217,6,18,30.67,0,10.0405,0,0.1419,4.158947368421052,0.05263157894736842,74.626488,0,0,1,False,False,True,0,Bajo
433,68.06,18,5,0.7222,55.21,62.1,86.87,15.8305,7,18,33.33,4,13.5955,1,0.6225,3.582105263157895,0.2631578947368421,49.152932,1,1,0,False,False,True,0,Alto
434,74.08,18,1,0.9444,63.61,73.65,84.99,10.6903,5,18,33.33,1,8.734,0,0.2142,3.8989473684210525,0.05263157894736842,69.961152,0,0,1,False,False,True,1,Medio
435,74.65,15,2,0.8667,60.57,75.71,87.67,13.5484,6,15,33.67,5,11.0875,0,0.168,4.665625,0.125,64.699155,0,0,1,False,False,True,0,Bajo
436,68.87,15,3,0.8,51.65,75.33,79.64,13.9959,5,15,31.33,5,12.3049,1,0.2405,4.304375,0.1875,55.096000000000004,1,1,0,False,False,True,0,Medio
437,56.89,18,6,0.6667,68.64,52.8,49.21,-9.7149,7,18,26.0,4,8.4415,1,0.8503,2.9942105263157894,0.3157894736842105,37.928563,1,1,0,True,False,False,1,Critico
438,76.03,18,1,0.9444,78.06,76.41,73.62,-2.2181,3,18,26.33,4,1.8314,0,0.3318,4.001578947368421,0.05263157894736842,71.802732,0,1,0,True,False,False,1,Medio
439,69.85,15,4,0.7333,62.67,72.3,74.59,5.9584,5,15,29.33,2,5.1638,1,0.3318,4.365625,0.25,51.22100499999999,1,0,1,False,False,True,0,Medio
440,87.96,18,0,1.0,73.07,90.79,100.0,13.4642,1,18,34.67,0,11.1753,0,0.148,4.629473684210526,0.0,87.96,0,1,0,False,False,True,0,Bajo
441,79.13,15,0,1.0,71.25,76.97,89.17,8.9632,3,15,31.67,4,7.4757,0,0.0759,4.945625,0.0,79.13,0,1,0,False,False,True,0,Bajo
442,85.85,15,1,0.9333,82.82,81.27,93.46,5.3172,3,15,35.67,4,5.4167,0,0.1141,5.365625,0.0625,80.12380499999999,0,1,0,False,False,True,0,Bajo
443,75.13,18,4,0.7778,57.61,78.75,89.03,15.7085,7,18,33.67,1,13.0784,1,0.5125,3.9542105263157894,0.21052631578947367,58.436114,1,0,1,False,False,True,0,Medio
444,75.51,18,2,0.8889,87.01,71.62,67.9,-9.5544,4,18,31.33,5,8.2723,0,0.4378,3.97421052631579,0.10526315789473684,67.120839,0,1,0,True,False,False,1,Alto
445,85.53,12,1,0.9167,76.97,81.12,98.49,10.7622,4,12,30.0,1,9.3231,0,0.1141,6.57923076923077,0.07692307692307693,78.405351,0,1,0,False,False,True,0,Bajo
446,68.33,18,3,0.8333,63.56,69.03,72.4,4.4158,7,18,28.33,3,3.6395,1,0.2891,3.596315789473684,0.15789473684210525,56.939389,1,0,1,False,False,True,0,Medio
447,87.99,18,0,1.0,86.33,85.33,92.31,2.9911,5,18,32.33,4,3.0817,0,0.0953,4.631052631578947,0.0,87.99,0,0,1,False,False,True,0,Bajo
448,74.85,15,3,0.8,67.56,69.95,87.04,9.7395,6,15,27.67,2,8.6748,1,0.2405,4.678125,0.1875,59.879999999999995,1,0,1,False,False,True,0,Medio
449,85.51,12,1,0.9167,79.69,86.34,90.5,5.4033,4,12,30.67,4,4.4503,0,0.1141,6.577692307692308,0.07692307692307693,78.387017,0,0,1,False,False,True,1,Bajo
450,76.73,12,1,0.9167,76.82,75.55,77.83,0.5048,1,12,33.67,5,0.9321,0,0.1141,5.9023076923076925,0.07692307692307693,70.338391,0,1,0,False,True,False,0,Bajo
451,91.11,15,0,1.0,79.27,94.06,100.0,10.3632,3,15,30.0,5,8.7148,0,0.0759,5.694375,0.0,91.11,0,1,0,False,False,True,0,Bajo
452,70.94,18,2,0.8889,56.23,70.88,85.72,14.7415,8,18,33.67,1,12.0365,0,0.2059,3.7336842105263157,0.10526315789473684,63.058566,0,1,0,False,False,True,0,Bajo
453,78.67,18,1,0.9444,67.88,82.21,85.91,9.0168,2,18,30.33,2,7.7772,0,0.2142,4.140526315789474,0.05263157894736842,74.29594800000001,0,0,1,False,False,True,0,Medio
454,77.18,15,1,0.9333,65.53,71.17,94.84,14.6537,3,15,36.33,4,12.6971,0,0.1141,4.82375,0.0625,72.032094,0,1,0,False,False,True,0,Bajo
455,79.29,15,2,0.8667,96.34,81.52,60.02,-18.1568,6,15,27.33,2,14.9081,0,0.2689,4.955625,0.125,68.72064300000001,0,1,0,True,False,False,1,Medio
456,73.23,18,3,0.8333,66.93,68.94,83.81,8.4405,6,18,34.33,1,7.5304,1,0.2405,3.8542105263157898,0.15789473684210525,61.02255900000001,1,0,1,False,False,True,1,Medio
457,84.89,15,0,1.0,95.42,81.17,78.07,-8.6756,4,15,32.67,0,7.5553,0,0.1301,5.305625,0.0,84.89,0,1,0,True,False,False,0,Bajo
458,73.64,18,0,1.0,71.16,74.33,75.44,2.1387,3,18,37.0,4,1.8131,0,0.148,3.8757894736842107,0.0,73.64,0,0,1,False,False,True,0,Bajo
459,77.97,18,0,1.0,70.59,73.55,89.77,9.5908,1,18,34.67,5,8.4319,0,0.0759,4.103684210526316,0.0,77.97,0,1,0,False,False,True,0,Bajo
460,66.18,18,6,0.6667,44.79,58.44,95.3,25.2543,10,18,34.67,0,21.333,1,0.7211,3.4831578947368427,0.3157894736842105,44.122206,1,1,0,False,False,True,1,Critico
461,77.64,18,2,0.8889,67.9,74.01,91.01,11.5546,5,18,32.67,1,9.7766,0,0.168,4.086315789473685,0.10526315789473684,69.014196,0,0,1,False,False,True,0,Bajo
462,64.6,18,5,0.7222,63.81,63.17,66.81,1.4974,7,18,36.33,0,1.5853,1,0.6225,3.4,0.2631578947368421,46.65411999999999,1,0,1,False,True,False,1,Alto
463,71.5,18,2,0.8889,60.76,70.46,83.28,11.2615,3,18,30.33,3,9.2244,0,0.2994,3.763157894736842,0.10526315789473684,63.55635,0,0,1,False,False,True,1,Medio
464,80.55,18,0,1.0,77.24,75.23,89.18,5.9683,4,18,34.67,3,6.1572,0,0.148,4.239473684210526,0.0,80.55,0,0,1,False,False,True,0,Bajo
465,77.06,15,2,0.8667,68.87,77.89,84.42,7.7777,3,15,30.0,4,6.3773,0,0.168,4.81625,0.125,66.787902,0,0,1,False,False,True,0,Bajo
466,78.85,15,2,0.8667,65.64,80.43,90.49,12.4223,3,15,34.67,2,10.2036,0,0.168,4.928125,0.125,68.33929499999999,0,0,1,False,False,True,0,Bajo
467,91.91,15,1,0.9333,80.26,96.96,98.52,9.1271,3,15,30.67,0,8.2621,0,0.1141,5.744375,0.0625,85.779603,0,0,1,False,False,True,0,Bajo
468,82.21,12,0,1.0,70.88,85.37,90.37,9.7453,3,12,34.0,5,8.2651,0,0.0759,6.323846153846153,0.0,82.21,0,0,1,False,False,True,0,Bajo
469,75.82,18,2,0.8889,58.46,81.93,87.07,14.3023,6,18,28.0,3,12.4515,0,0.2059,3.9905263157894733,0.10526315789473684,67.39639799999999,0,1,0,False,False,True,0,Bajo
470,82.1,18,0,1.0,82.21,82.36,81.74,-0.2362,1,18,29.67,1,0.2654,0,0.1192,4.321052631578947,0.0,82.1,0,0,1,False,True,False,0,Bajo
471,82.97,15,0,1.0,70.72,84.09,94.08,11.6806,2,15,32.0,0,9.5704,0,0.0759,5.185625,0.0,82.97,0,1,0,False,False,True,0,Bajo
472,62.54,18,6,0.6667,66.07,64.33,57.21,-4.4291,8,18,38.33,1,3.8321,1,0.7858,3.291578947368421,0.3157894736842105,41.695418,1,1,0,True,False,False,1,Critico
473,78.8,12,1,0.9167,68.75,77.39,90.26,10.756,6,12,35.33,4,8.8387,0,0.1141,6.061538461538461,0.07692307692307693,72.23595999999999,0,1,0,False,False,True,0,Bajo
474,72.81,18,3,0.8333,67.07,68.25,83.11,8.0202,8,18,32.67,0,7.2998,1,0.4013,3.832105263157895,0.15789473684210525,60.67257300000001,1,0,1,False,False,True,0,Medio
475,83.74,12,0,1.0,82.17,82.25,86.81,2.3208,0,12,35.0,4,2.1696,0,0.0759,6.441538461538461,0.0,83.74,0,1,0,False,False,True,0,Bajo
476,77.21,18,4,0.7778,58.72,72.91,100.0,20.6398,6,18,35.33,0,17.1246,1,0.5125,4.063684210526316,0.21052631578947367,60.053938,1,0,1,False,False,True,0,Medio
477,84.95,15,1,0.9333,75.1,85.21,94.54,9.7196,4,15,29.67,2,7.9382,0,0.1141,5.309375,0.0625,79.28383500000001,0,1,0,False,False,True,0,Bajo
478,86.74,18,0,1.0,87.95,87.41,84.84,-1.5546,2,18,35.67,2,1.3559,0,0.0759,4.565263157894736,0.0,86.74,0,0,1,False,True,False,0,Bajo
479,84.3,12,2,0.8333,90.4,81.68,80.83,-4.7842,3,12,28.0,0,4.3246,0,0.2689,6.484615384615385,0.15384615384615385,70.24719,0,0,1,True,False,False,0,Medio
480,78.76,18,2,0.8889,61.95,74.32,100.0,19.0245,6,18,35.33,5,15.8471,0,0.2994,4.145263157894737,0.10526315789473684,70.009764,0,0,1,False,False,True,0,Medio
481,80.01,15,0,1.0,76.29,78.21,85.54,4.6264,4,15,30.0,0,3.9867,0,0.0759,5.000625,0.0,80.01,0,0,1,False,False,True,0,Bajo
482,84.33,12,0,1.0,86.11,85.08,81.79,-2.1576,3,12,29.67,2,1.8404,0,0.1301,6.486923076923077,0.0,84.33,0,1,0,True,False,False,0,Bajo
483,76.29,18,2,0.8889,62.24,81.87,84.78,11.2697,6,18,34.0,0,10.0098,0,0.168,4.015263157894737,0.10526315789473684,67.814181,0,1,0,False,False,True,0,Bajo
484,75.28,15,0,1.0,71.72,72.93,81.18,4.7306,0,15,35.33,2,4.2043,0,0.0759,4.705,0.0,75.28,0,0,1,False,False,True,0,Bajo
485,94.39,15,0,1.0,83.48,99.68,100.0,8.2618,5,15,30.33,0,7.7152,0,0.0759,5.899375,0.0,94.39,0,1,0,False,False,True,0,Bajo
486,65.66,18,4,0.7778,72.53,62.35,62.11,-5.2088,7,18,31.0,0,4.8564,1,0.475,3.4557894736842103,0.21052631578947367,51.070348,1,0,1,True,False,False,1,Alto
487,66.44,15,7,0.5333,55.27,59.95,84.1,14.4109,13,15,31.33,3,12.6301,1,0.657,4.1525,0.4375,35.432452,1,1,0,False,False,True,1,Critico
488,76.83,15,1,0.9333,69.38,75.67,85.45,8.0381,4,15,28.33,1,6.6146,0,0.1141,4.801875,0.0625,71.705439,0,0,1,False,False,True,0,Bajo
489,81.33,15,0,1.0,86.67,81.59,75.74,-5.4682,2,15,35.0,4,4.4684,0,0.1301,5.083125,0.0,81.33,0,1,0,True,False,False,0,Bajo
490,67.33,18,5,0.7222,41.9,75.53,84.55,21.3251,10,18,35.33,1,18.3525,1,0.6225,3.5436842105263158,0.2631578947368421,48.62572599999999,1,0,1,False,False,True,1,Alto
491,71.86,18,3,0.8333,76.0,74.27,65.3,-5.3526,8,18,30.67,4,4.6915,1,0.4875,3.7821052631578946,0.15789473684210525,59.880938,1,1,0,True,False,False,1,Alto
492,87.33,12,0,1.0,82.19,83.19,96.62,7.2152,4,12,34.67,2,6.5787,0,0.0759,6.717692307692308,0.0,87.33,0,1,0,False,False,True,0,Bajo
493,76.6,15,2,0.8667,67.44,79.72,82.62,7.5877,4,15,29.33,2,6.5782,0,0.168,4.7875,0.125,66.38922,0,1,0,False,False,True,1,Bajo
494,72.43,18,1,0.9444,61.13,71.96,84.19,11.5288,1,18,37.33,0,9.4191,0,0.1141,3.812105263157895,0.05263157894736842,68.40289200000001,0,1,0,False,False,True,0,Bajo
495,66.89,15,4,0.7333,51.71,75.07,73.89,11.0905,7,15,33.33,4,10.7436,1,0.3318,4.180625,0.25,49.050436999999995,1,1,0,False,False,True,0,Medio
496,72.47,18,3,0.8333,63.56,75.42,78.42,7.428,6,18,29.67,3,6.4148,1,0.343,3.8142105263157893,0.15789473684210525,60.389251,1,1,0,False,False,True,0,Medio
497,78.89,18,1,0.9444,68.89,74.73,93.04,12.076,5,18,34.67,0,10.2897,0,0.1751,4.152105263157895,0.05263157894736842,74.503716,0,0,1,False,False,True,0,Bajo
498,69.78,18,7,0.6111,59.77,69.94,79.63,9.9297,10,18,33.67,5,8.1084,1,0.657,3.6726315789473687,0.3684210526315789,42.642558,1,1,0,False,False,True,1,Critico
499,78.24,18,0,1.0,91.95,72.73,70.02,-10.9649,4,18,31.0,4,9.7617,0,0.1611,4.117894736842105,0.0,78.24,0,0,1,True,False,False,0,Bajo
500,72.48,15,2,0.8667,77.41,74.28,65.76,-5.8237,5,15,30.33,4,4.9224,0,0.2689,4.53,0.125,62.818416000000006,0,0,1,True,False,False,1,Medio
501,75.28,18,3,0.8333,66.26,81.46,78.13,5.9361,8,18,29.33,3,6.5225,1,0.4013,3.962105263157895,0.15789473684210525,62.730824000000005,1,1,0,False,False,True,0,Medio
502,83.35,12,0,1.0,75.03,81.18,93.84,9.4015,6,12,32.33,2,7.8277,0,0.0759,6.411538461538461,0.0,83.35,0,0,1,False,False,True,0,Bajo
503,81.61,12,0,1.0,78.16,80.36,86.31,4.0764,3,12,39.0,4,3.4444,0,0.0759,6.277692307692307,0.0,81.61,0,0,1,False,False,True,0,Bajo
